{
  "type": "FeatureCollection",
  "features": [
    {
      "type": "Feature",
      "geometry": {
        "type": "Polygon",
        "coordinates": [
          [
            [
              -9.362708982785813,
              45.58420520278518
            ],
            [
              -9.362619151257402,
              45.58447469737042
            ],
            [
              -9.364236118768817,
              45.58429503431359
            ],
            [
              -9.373848092308895,
              45.58564250723977
            ],
            [
              -9.372500619382716,
              45.58591200182501
            ],
            [
              -9.370524325757653,
              45.585373012654536
            ],
            [
              -9.367829379905295,
              45.585373012654536
            ],
            [
              -9.367829379905295,
              45.58501368654089
            ],
            [
              -9.367110727677998,
              45.585373012654536
            ],
            [
              -9.36621241239388,
              45.58483402348406
            ],
            [
              -9.364056455711992,
              45.58483402348406
            ],
            [
              -9.363697129598345,
              45.58519334959771
            ],
            [
              -9.363337803484697,
              45.58465436042724
            ],
            [
              -9.361900499030106,
              45.58465436042724
            ],
            [
              -9.362708982785813,
              45.58420520278518
            ]
          ]
        ]
      },
      "properties": {
        "region_id": 545632,
        "centroid_lon": -9.379849429890129,
        "centroid_lat": 45.586367813654356,
        "area_px": 486,
        "area_km2": 0.1357,
        "elongation_ratio": 72.173,
        "circularity": 0.041,
        "mean_probability": 0.7139,
        "max_probability": 0.912,
        "pixel_bbox": {
          "min_row": 8614,
          "min_col": 2563,
          "max_row": 8640,
          "max_col": 2771
        }
      }
    },
    {
      "type": "Feature",
      "geometry": {
        "type": "Polygon",
        "coordinates": [
          [
            [
              -9.470147490766507,
              45.596781616762854
            ],
            [
              -9.467362713385738,
              45.596332459120795
            ],
            [
              -9.467183050328913,
              45.59597313300714
            ],
            [
              -9.463949115306082,
              45.59597313300714
            ],
            [
              -9.46376945224926,
              45.595613806893496
            ],
            [
              -9.463230463078787,
              45.59597313300714
            ],
            [
              -9.462511810851492,
              45.595613806893496
            ],
            [
              -9.462332147794669,
              45.59597313300714
            ],
            [
              -9.461613495567372,
              45.59543414383667
            ],
            [
              -9.460894843340077,
              45.59579346995032
            ],
            [
              -9.460715180283254,
              45.59543414383667
            ],
            [
              -9.459008381243425,
              45.59516464925144
            ],
            [
              -9.459457538885486,
              45.594895154666204
            ],
            [
              -9.471494963692688,
              45.596332459120795
            ],
            [
              -9.470147490766507,
              45.596781616762854
            ]
          ]
        ]
      },
      "properties": {
        "region_id": 542826,
        "centroid_lon": -9.462155517025723,
        "centroid_lat": 45.595517152717356,
        "area_px": 237,
        "area_km2": 0.0662,
        "elongation_ratio": 37.802,
        "circularity": 0.077,
        "mean_probability": 0.7139,
        "max_probability": 0.9088,
        "pixel_bbox": {
          "min_row": 8569,
          "min_col": 2160,
          "max_row": 8584,
          "max_col": 2264
        }
      }
    },
    {
      "type": "Feature",
      "geometry": {
        "type": "Polygon",
        "coordinates": [
          [
            [
              -9.435113194685847,
              45.59300869256955
            ],
            [
              -9.435203026214259,
              45.592739197984315
            ],
            [
              -9.434125047873316,
              45.59237987187067
            ],
            [
              -9.432148754248253,
              45.59237987187067
            ],
            [
              -9.431789428134604,
              45.592020545757016
            ],
            [
              -9.431250438964133,
              45.59237987187067
            ],
            [
              -9.431250438964133,
              45.592020545757016
            ],
            [
              -9.430531786736838,
              45.59220020881384
            ],
            [
              -9.43017246062319,
              45.5918408827002
            ],
            [
              -9.429453808395893,
              45.59220020881384
            ],
            [
              -9.428735156168598,
              45.5918408827002
            ],
            [
              -9.427836840884478,
              45.592020545757016
            ],
            [
              -9.427208020185596,
              45.59157138811496
            ],
            [
              -9.436281004555202,
              45.59237987187067
            ],
            [
              -9.435113194685847,
              45.59300869256955
            ]
          ]
        ]
      },
      "properties": {
        "region_id": 544163,
        "centroid_lon": -9.429133273169514,
        "centroid_lat": 45.5918276121335,
        "area_px": 176,
        "area_km2": 0.0492,
        "elongation_ratio": 30.863,
        "circularity": 0.101,
        "mean_probability": 0.7246,
        "max_probability": 0.892,
        "pixel_bbox": {
          "min_row": 8590,
          "min_col": 2356,
          "max_row": 8603,
          "max_col": 2439
        }
      }
    },
    {
      "type": "Feature",
      "geometry": {
        "type": "Polygon",
        "coordinates": [
          [
            [
              -7.182946945869794,
              45.31893269938468
            ],
            [
              -7.189504647443867,
              45.319741183140394
            ],
            [
              -7.189055489801808,
              45.32019034078245
            ],
            [
              -7.188875826744983,
              45.31983101466881
            ],
            [
              -7.183845261153914,
              45.319471688555154
            ],
            [
              -7.182946945869794,
              45.31893269938468
            ]
          ]
        ]
      },
      "properties": {
        "region_id": 588694,
        "centroid_lon": -7.18411475573915,
        "centroid_lat": 45.319198947047205,
        "area_px": 166,
        "area_km2": 0.0466,
        "elongation_ratio": 35.851,
        "circularity": 0.099,
        "mean_probability": 0.7012,
        "max_probability": 0.9003,
        "pixel_bbox": {
          "min_row": 10108,
          "min_col": 14848,
          "max_row": 10121,
          "max_col": 14934
        }
      }
    },
    {
      "type": "Feature",
      "geometry": {
        "type": "Polygon",
        "coordinates": [
          [
            [
              -9.491617226056965,
              45.598668078859504
            ],
            [
              -9.491257899943317,
              45.59902740497315
            ],
            [
              -9.491078236886493,
              45.598668078859504
            ],
            [
              -9.490359584659197,
              45.59902740497315
            ],
            [
              -9.489281606318254,
              45.59848841580268
            ],
            [
              -9.488562954090959,
              45.59884774191633
            ],
            [
              -9.487844301863662,
              45.59830875274586
            ],
            [
              -9.487484975750014,
              45.598668078859504
            ],
            [
              -9.487215481164778,
              45.598218921217445
            ],
            [
              -9.490449416187609,
              45.598398584274264
            ],
            [
              -9.49000025854555,
              45.598668078859504
            ],
            [
              -9.491617226056965,
              45.59848841580268
            ],
            [
              -9.491617226056965,
              45.598668078859504
            ]
          ]
        ]
      },
      "properties": {
        "region_id": 542005,
        "centroid_lon": -9.485446811403397,
        "centroid_lat": 45.5980963695959,
        "area_px": 151,
        "area_km2": 0.0422,
        "elongation_ratio": 20.75,
        "circularity": 0.128,
        "mean_probability": 0.7168,
        "max_probability": 0.9125,
        "pixel_bbox": {
          "min_row": 8556,
          "min_col": 2048,
          "max_row": 8567,
          "max_col": 2115
        }
      }
    },
    {
      "type": "Feature",
      "geometry": {
        "type": "Polygon",
        "coordinates": [
          [
            [
              -9.55854171472387,
              45.60666308488817
            ],
            [
              -9.557014578740866,
              45.60585460113246
            ],
            [
              -9.556834915684043,
              45.60639359030293
            ],
            [
              -9.553780643718035,
              45.60549527501881
            ],
            [
              -9.552702665377092,
              45.60585460113246
            ],
            [
              -9.55162468703615,
              45.60549527501881
            ],
            [
              -9.551265360922502,
              45.60585460113246
            ],
            [
              -9.550546708695205,
              45.605315611961984
            ],
            [
              -9.547672099786023,
              45.605135948905165
            ],
            [
              -9.55854171472387,
              45.60666308488817
            ]
          ]
        ]
      },
      "properties": {
        "region_id": 539485,
        "centroid_lon": -9.553340100058152,
        "centroid_lat": 45.6055728008584,
        "area_px": 146,
        "area_km2": 0.0408,
        "elongation_ratio": 21.051,
        "circularity": 0.126,
        "mean_probability": 0.7132,
        "max_probability": 0.8881,
        "pixel_bbox": {
          "min_row": 8514,
          "min_col": 1674,
          "max_row": 8525,
          "max_col": 1737
        }
      }
    },
    {
      "type": "Feature",
      "geometry": {
        "type": "Polygon",
        "coordinates": [
          [
            [
              -7.273766621094278,
              45.33123961877712
            ],
            [
              -7.269095381616856,
              45.33052096654983
            ],
            [
              -7.270083528429388,
              45.33025147196459
            ],
            [
              -7.275293757077281,
              45.330970124191886
            ],
            [
              -7.273766621094278,
              45.33123961877712
            ]
          ]
        ]
      },
      "properties": {
        "region_id": 588363,
        "centroid_lon": -7.268472756195795,
        "centroid_lat": 45.33028182882592,
        "area_px": 145,
        "area_km2": 0.0407,
        "elongation_ratio": 35.105,
        "circularity": 0.1,
        "mean_probability": 0.7119,
        "max_probability": 0.885,
        "pixel_bbox": {
          "min_row": 10047,
          "min_col": 14384,
          "max_row": 10059,
          "max_col": 14463
        }
      }
    },
    {
      "type": "Feature",
      "geometry": {
        "type": "Polygon",
        "coordinates": [
          [
            [
              -7.061943877098894,
              45.30339184496942
            ],
            [
              -7.061494719456835,
              45.30294268732736
            ],
            [
              -7.058440447490829,
              45.30294268732736
            ],
            [
              -7.058260784434005,
              45.302583361213706
            ],
            [
              -7.056284490808942,
              45.302583361213706
            ],
            [
              -7.055476007053234,
              45.30213420357165
            ],
            [
              -7.062393034740955,
              45.30294268732736
            ],
            [
              -7.061943877098894,
              45.30339184496942
            ]
          ]
        ]
      },
      "properties": {
        "region_id": 589129,
        "centroid_lon": -7.055936316195373,
        "centroid_lat": 45.302232088961226,
        "area_px": 145,
        "area_km2": 0.0407,
        "elongation_ratio": 31.697,
        "circularity": 0.108,
        "mean_probability": 0.6931,
        "max_probability": 0.8754,
        "pixel_bbox": {
          "min_row": 10202,
          "min_col": 15569,
          "max_row": 10215,
          "max_col": 15647
        }
      }
    },
    {
      "type": "Feature",
      "geometry": {
        "type": "Polygon",
        "coordinates": [
          [
            [
              -9.528717647291101,
              45.60306982375169
            ],
            [
              -9.525214217683034,
              45.602800329166456
            ],
            [
              -9.524675228512564,
              45.6024410030528
            ],
            [
              -9.523597250171619,
              45.602800329166456
            ],
            [
              -9.5226989348875,
              45.60208167693916
            ],
            [
              -9.521980282660204,
              45.6024410030528
            ],
            [
              -9.521441293489733,
              45.60208167693916
            ],
            [
              -9.520542978205613,
              45.602261339995984
            ],
            [
              -9.520093820563554,
              45.601812182353925
            ],
            [
              -9.53006512021728,
              45.602800329166456
            ],
            [
              -9.528717647291101,
              45.60306982375169
            ]
          ]
        ]
      },
      "properties": {
        "region_id": 540630,
        "centroid_lon": -9.52411330363271,
        "centroid_lat": 45.60234862311224,
        "area_px": 141,
        "area_km2": 0.0394,
        "elongation_ratio": 25.744,
        "circularity": 0.125,
        "mean_probability": 0.7168,
        "max_probability": 0.8947,
        "pixel_bbox": {
          "min_row": 8534,
          "min_col": 1834,
          "max_row": 8544,
          "max_col": 1902
        }
      }
    },
    {
      "type": "Feature",
      "geometry": {
        "type": "Polygon",
        "coordinates": [
          [
            [
              -9.541833050439246,
              45.604686791263106
            ],
            [
              -9.54012625139942,
              45.60459695973469
            ],
            [
              -9.539587262228947,
              45.60405797056422
            ],
            [
              -9.537790631660709,
              45.603878307507394
            ],
            [
              -9.537610968603884,
              45.60423763362105
            ],
            [
              -9.536353327206117,
              45.603698644450574
            ],
            [
              -9.535095685808349,
              45.60405797056422
            ],
            [
              -9.534377033581054,
              45.60351898139375
            ],
            [
              -9.534017707467406,
              45.603878307507394
            ],
            [
              -9.533119392183286,
              45.60351898139375
            ],
            [
              -9.541833050439246,
              45.604686791263106
            ]
          ]
        ]
      },
      "properties": {
        "region_id": 540108,
        "centroid_lon": -9.538425719675528,
        "centroid_lat": 45.60393889156144,
        "area_px": 129,
        "area_km2": 0.036,
        "elongation_ratio": 20.427,
        "circularity": 0.141,
        "mean_probability": 0.7217,
        "max_probability": 0.913,
        "pixel_bbox": {
          "min_row": 8525,
          "min_col": 1758,
          "max_row": 8534,
          "max_col": 1818
        }
      }
    },
    {
      "type": "Feature",
      "geometry": {
        "type": "Polygon",
        "coordinates": [
          [
            [
              -9.319410186091252,
              45.579893289421406
            ],
            [
              -9.314020294386536,
              45.57899497413729
            ],
            [
              -9.314469452028595,
              45.57872547955205
            ],
            [
              -9.320398332903784,
              45.57944413177935
            ],
            [
              -9.319410186091252,
              45.579893289421406
            ]
          ]
        ]
      },
      "properties": {
        "region_id": 548885,
        "centroid_lon": -9.315328466019034,
        "centroid_lat": 45.579138143135694,
        "area_px": 128,
        "area_km2": 0.0358,
        "elongation_ratio": 21.196,
        "circularity": 0.141,
        "mean_probability": 0.7255,
        "max_probability": 0.9106,
        "pixel_bbox": {
          "min_row": 8663,
          "min_col": 3001,
          "max_row": 8672,
          "max_col": 3060
        }
      }
    },
    {
      "type": "Feature",
      "geometry": {
        "type": "Polygon",
        "coordinates": [
          [
            [
              -9.568602845906007,
              45.60756140017229
            ],
            [
              -9.564919753241117,
              45.60711224253023
            ],
            [
              -9.56321295420129,
              45.60648342183134
            ],
            [
              -9.569590992718538,
              45.60711224253023
            ],
            [
              -9.568602845906007,
              45.60756140017229
            ]
          ]
        ]
      },
      "properties": {
        "region_id": 539196,
        "centroid_lon": -9.564780795095606,
        "centroid_lat": 45.6068118683571,
        "area_px": 128,
        "area_km2": 0.0357,
        "elongation_ratio": 24.433,
        "circularity": 0.152,
        "mean_probability": 0.7192,
        "max_probability": 0.9101,
        "pixel_bbox": {
          "min_row": 8509,
          "min_col": 1614,
          "max_row": 8518,
          "max_col": 1673
        }
      }
    },
    {
      "type": "Feature",
      "geometry": {
        "type": "Polygon",
        "coordinates": [
          [
            [
              -8.560693097123904,
              45.49167872852087
            ],
            [
              -8.568238945510508,
              45.49275670686181
            ],
            [
              -8.567430461754801,
              45.493026201447044
            ],
            [
              -8.567250798697977,
              45.4926668753334
            ],
            [
              -8.56419652673197,
              45.4926668753334
            ],
            [
              -8.56329821144785,
              45.492127886162926
            ],
            [
              -8.562938885334203,
              45.49248721227657
            ],
            [
              -8.561501580879613,
              45.49194822310611
            ],
            [
              -8.560872760180729,
              45.49203805463451
            ],
            [
              -8.561142254765965,
              45.49230754921975
            ],
            [
              -8.55952528725455,
              45.49194822310611
            ],
            [
              -8.560693097123904,
              45.49167872852087
            ]
          ]
        ]
      },
      "properties": {
        "region_id": 569534,
        "centroid_lon": -8.565423984736192,
        "centroid_lat": 45.49246780866644,
        "area_px": 125,
        "area_km2": 0.035,
        "elongation_ratio": 27.504,
        "circularity": 0.114,
        "mean_probability": 0.6984,
        "max_probability": 0.8762,
        "pixel_bbox": {
          "min_row": 9144,
          "min_col": 7168,
          "max_row": 9155,
          "max_col": 7237
        }
      }
    },
    {
      "type": "Feature",
      "geometry": {
        "type": "Polygon",
        "coordinates": [
          [
            [
              -9.276380883981927,
              45.5745932292451
            ],
            [
              -9.27970465053317,
              45.57504238688716
            ],
            [
              -9.276740210095575,
              45.575311881472395
            ],
            [
              -9.276111389396691,
              45.574862723830336
            ],
            [
              -9.276380883981927,
              45.5745932292451
            ]
          ]
        ]
      },
      "properties": {
        "region_id": 550473,
        "centroid_lon": -9.276791953055941,
        "centroid_lat": 45.57484978809025,
        "area_px": 125,
        "area_km2": 0.0349,
        "elongation_ratio": 15.712,
        "circularity": 0.153,
        "mean_probability": 0.6935,
        "max_probability": 0.9174,
        "pixel_bbox": {
          "min_row": 8687,
          "min_col": 3217,
          "max_row": 8696,
          "max_col": 3274
        }
      }
    },
    {
      "type": "Feature",
      "geometry": {
        "type": "Polygon",
        "coordinates": [
          [
            [
              -9.348156275183078,
              45.58258823527376
            ],
            [
              -9.351390210205906,
              45.58312722444423
            ],
            [
              -9.3505817264502,
              45.58339671902947
            ],
            [
              -9.347347791427369,
              45.582857729859
            ],
            [
              -9.348156275183078,
              45.58258823527376
            ]
          ]
        ]
      },
      "properties": {
        "region_id": 547328,
        "centroid_lon": -9.35256832861131,
        "centroid_lat": 45.58330246955704,
        "area_px": 122,
        "area_km2": 0.0341,
        "elongation_ratio": 21.526,
        "circularity": 0.147,
        "mean_probability": 0.7183,
        "max_probability": 0.9043,
        "pixel_bbox": {
          "min_row": 8640,
          "min_col": 2793,
          "max_row": 8649,
          "max_col": 2852
        }
      }
    },
    {
      "type": "Feature",
      "geometry": {
        "type": "Polygon",
        "coordinates": [
          [
            [
              -7.132102300788629,
              45.312105503225375
            ],
            [
              -7.137402360964934,
              45.31309365003791
            ],
            [
              -7.132641289959102,
              45.31264449239585
            ],
            [
              -7.1319226377318055,
              45.31246482933902
            ],
            [
              -7.132102300788629,
              45.312105503225375
            ]
          ]
        ]
      },
      "properties": {
        "region_id": 588883,
        "centroid_lon": -7.133958311519717,
        "centroid_lat": 45.31258206709644,
        "area_px": 118,
        "area_km2": 0.0331,
        "elongation_ratio": 24.637,
        "circularity": 0.125,
        "mean_probability": 0.6906,
        "max_probability": 0.8925,
        "pixel_bbox": {
          "min_row": 10144,
          "min_col": 15140,
          "max_row": 10157,
          "max_col": 15204
        }
      }
    },
    {
      "type": "Feature",
      "geometry": {
        "type": "Polygon",
        "coordinates": [
          [
            [
              -7.259393576548366,
              45.32944298820888
            ],
            [
              -7.2558003154118875,
              45.32872433598159
            ],
            [
              -7.256608799167595,
              45.32845484139635
            ],
            [
              -7.260561386417721,
              45.32899383056682
            ],
            [
              -7.260651217946133,
              45.32944298820888
            ],
            [
              -7.259393576548366,
              45.32944298820888
            ]
          ]
        ]
      },
      "properties": {
        "region_id": 588423,
        "centroid_lon": -7.256344869367306,
        "centroid_lat": 45.32872115610448,
        "area_px": 113,
        "area_km2": 0.0317,
        "elongation_ratio": 20.355,
        "circularity": 0.177,
        "mean_probability": 0.7165,
        "max_probability": 0.894,
        "pixel_bbox": {
          "min_row": 10057,
          "min_col": 14464,
          "max_row": 10066,
          "max_col": 14517
        }
      }
    },
    {
      "type": "Feature",
      "geometry": {
        "type": "Polygon",
        "coordinates": [
          [
            [
              -9.500241052784512,
              45.59956639414362
            ],
            [
              -9.50338515627893,
              45.59983588872886
            ],
            [
              -9.503115661693695,
              45.60028504637092
            ],
            [
              -9.50149869418228,
              45.600105383314094
            ],
            [
              -9.50149869418228,
              45.59974605720045
            ],
            [
              -9.500241052784512,
              45.600105383314094
            ],
            [
              -9.500241052784512,
              45.59956639414362
            ]
          ]
        ]
      },
      "properties": {
        "region_id": 541453,
        "centroid_lon": -9.500555860618594,
        "centroid_lat": 45.599750032046835,
        "area_px": 113,
        "area_km2": 0.0316,
        "elongation_ratio": 18.956,
        "circularity": 0.168,
        "mean_probability": 0.721,
        "max_probability": 0.8971,
        "pixel_bbox": {
          "min_row": 8548,
          "min_col": 1973,
          "max_row": 8557,
          "max_col": 2024
        }
      }
    },
    {
      "type": "Feature",
      "geometry": {
        "type": "Polygon",
        "coordinates": [
          [
            [
              -8.501943277542487,
              45.484671869304734
            ],
            [
              -8.508590810644971,
              45.48557018458885
            ],
            [
              -8.50760266383244,
              45.48583967917409
            ],
            [
              -8.507423000775617,
              45.485480353060446
            ],
            [
              -8.504189065752787,
              45.485480353060446
            ],
            [
              -8.503829739639139,
              45.48512102694679
            ],
            [
              -8.501314456843604,
              45.48494136388997
            ],
            [
              -8.501943277542487,
              45.484671869304734
            ]
          ]
        ]
      },
      "properties": {
        "region_id": 571292,
        "centroid_lon": -8.506345022434674,
        "centroid_lat": 45.48540175047308,
        "area_px": 112,
        "area_km2": 0.0313,
        "elongation_ratio": 23.805,
        "circularity": 0.155,
        "mean_probability": 0.7134,
        "max_probability": 0.8987,
        "pixel_bbox": {
          "min_row": 9185,
          "min_col": 7503,
          "max_row": 9194,
          "max_col": 7561
        }
      }
    },
    {
      "type": "Feature",
      "geometry": {
        "type": "Polygon",
        "coordinates": [
          [
            [
              -9.287789488090246,
              45.57665935439857
            ],
            [
              -9.287609825033421,
              45.576300028284926
            ],
            [
              -9.288238645732305,
              45.57585087064287
            ],
            [
              -9.292101401454019,
              45.576300028284926
            ],
            [
              -9.291203086169899,
              45.57665935439857
            ],
            [
              -9.287789488090246,
              45.57665935439857
            ]
          ]
        ]
      },
      "properties": {
        "region_id": 550054,
        "centroid_lon": -9.288202383463956,
        "centroid_lat": 45.576143441217056,
        "area_px": 109,
        "area_km2": 0.0305,
        "elongation_ratio": 15.424,
        "circularity": 0.166,
        "mean_probability": 0.7138,
        "max_probability": 0.9163,
        "pixel_bbox": {
          "min_row": 8681,
          "min_col": 3156,
          "max_row": 8689,
          "max_col": 3207
        }
      }
    },
    {
      "type": "Feature",
      "geometry": {
        "type": "Polygon",
        "coordinates": [
          [
            [
              -8.54398443283928,
              45.489702434895804
            ],
            [
              -8.548296346203054,
              45.4904210871231
            ],
            [
              -8.546769210220052,
              45.49033125559469
            ],
            [
              -8.546409884106405,
              45.490690581708336
            ],
            [
              -8.546050557992757,
              45.49033125559469
            ],
            [
              -8.543714938254045,
              45.49015159253786
            ],
            [
              -8.54398443283928,
              45.489702434895804
            ]
          ]
        ]
      },
      "properties": {
        "region_id": 570091,
        "centroid_lon": -8.548265837382084,
        "centroid_lat": 45.490429561795594,
        "area_px": 106,
        "area_km2": 0.0297,
        "elongation_ratio": 18.745,
        "circularity": 0.161,
        "mean_probability": 0.6986,
        "max_probability": 0.8948,
        "pixel_bbox": {
          "min_row": 9157,
          "min_col": 7273,
          "max_row": 9166,
          "max_col": 7325
        }
      }
    },
    {
      "type": "Feature",
      "geometry": {
        "type": "Polygon",
        "coordinates": [
          [
            [
              -9.57614869429261,
              45.608459715456405
            ],
            [
              -9.575879199707376,
              45.608010557814346
            ],
            [
              -9.573723243025489,
              45.60783089475752
            ],
            [
              -9.572465601627721,
              45.60819022087117
            ],
            [
              -9.571836780928837,
              45.60774106322911
            ],
            [
              -9.573004590798194,
              45.607471568643874
            ],
            [
              -9.573184253855016,
              45.60783089475752
            ],
            [
              -9.573543579968664,
              45.607471568643874
            ],
            [
              -9.57749616721879,
              45.60819022087117
            ],
            [
              -9.57839448250291,
              45.608010557814346
            ],
            [
              -9.57614869429261,
              45.608459715456405
            ]
          ]
        ]
      },
      "properties": {
        "region_id": 538904,
        "centroid_lon": -9.5740181616282,
        "centroid_lat": 45.607846149168005,
        "area_px": 106,
        "area_km2": 0.0296,
        "elongation_ratio": 15.635,
        "circularity": 0.154,
        "mean_probability": 0.7202,
        "max_probability": 0.8977,
        "pixel_bbox": {
          "min_row": 8504,
          "min_col": 1565,
          "max_row": 8512,
          "max_col": 1613
        }
      }
    },
    {
      "type": "Feature",
      "geometry": {
        "type": "Polygon",
        "coordinates": [
          [
            [
              -9.444994662811162,
              45.5933680186832
            ],
            [
              -9.448947250061288,
              45.59390700785367
            ],
            [
              -9.448318429362404,
              45.59435616549573
            ],
            [
              -9.446881124907812,
              45.59381717632526
            ],
            [
              -9.446521798794164,
              45.594176502438906
            ],
            [
              -9.445982809623693,
              45.59363751326843
            ],
            [
              -9.445443820453221,
              45.59399683938208
            ],
            [
              -9.445084494339573,
              45.59363751326843
            ],
            [
              -9.444365842112278,
              45.59381717632526
            ],
            [
              -9.444186179055453,
              45.59345785021161
            ],
            [
              -9.444994662811162,
              45.5933680186832
            ]
          ]
        ]
      },
      "properties": {
        "region_id": 543616,
        "centroid_lon": -9.4485269063057,
        "centroid_lat": 45.594012093792564,
        "area_px": 106,
        "area_km2": 0.0296,
        "elongation_ratio": 15.862,
        "circularity": 0.156,
        "mean_probability": 0.7089,
        "max_probability": 0.893,
        "pixel_bbox": {
          "min_row": 8581,
          "min_col": 2265,
          "max_row": 8589,
          "max_col": 2313
        }
      }
    },
    {
      "type": "Feature",
      "geometry": {
        "type": "Polygon",
        "coordinates": [
          [
            [
              -8.595907056261389,
              45.49634996799829
            ],
            [
              -8.591235816783968,
              45.49563131577099
            ],
            [
              -8.5922239635965,
              45.49536182118576
            ],
            [
              -8.597613855301217,
              45.49608047341305
            ],
            [
              -8.595907056261389,
              45.49634996799829
            ]
          ]
        ]
      },
      "properties": {
        "region_id": 568870,
        "centroid_lon": -8.59302726476403,
        "centroid_lat": 45.49572632988758,
        "area_px": 104,
        "area_km2": 0.0291,
        "elongation_ratio": 22.354,
        "circularity": 0.151,
        "mean_probability": 0.7068,
        "max_probability": 0.8912,
        "pixel_bbox": {
          "min_row": 9128,
          "min_col": 7024,
          "max_row": 9136,
          "max_col": 7078
        }
      }
    },
    {
      "type": "Feature",
      "geometry": {
        "type": "Polygon",
        "coordinates": [
          [
            [
              -7.205045501859134,
              45.32180730829387
            ],
            [
              -7.209267583694496,
              45.32243612899275
            ],
            [
              -7.208459099938789,
              45.32270562357799
            ],
            [
              -7.206662469370549,
              45.322166634407516
            ],
            [
              -7.2054048279727825,
              45.322346297464335
            ],
            [
              -7.204776007273899,
              45.3220768028791
            ],
            [
              -7.205045501859134,
              45.32180730829387
            ]
          ]
        ]
      },
      "properties": {
        "region_id": 588598,
        "centroid_lon": -7.209155076246291,
        "centroid_lat": 45.32248845803843,
        "area_px": 103,
        "area_km2": 0.0289,
        "elongation_ratio": 23.288,
        "circularity": 0.133,
        "mean_probability": 0.707,
        "max_probability": 0.8854,
        "pixel_bbox": {
          "min_row": 10089,
          "min_col": 14723,
          "max_row": 10101,
          "max_col": 14782
        }
      }
    },
    {
      "type": "Feature",
      "geometry": {
        "type": "Polygon",
        "coordinates": [
          [
            [
              -7.1521347316244945,
              45.315249606719796
            ],
            [
              -7.1497092803573725,
              45.31462078602091
            ],
            [
              -7.1491702911869,
              45.31515977519138
            ],
            [
              -7.148990628130076,
              45.31462078602091
            ],
            [
              -7.148451638959605,
              45.314441122964084
            ],
            [
              -7.14827197590278,
              45.31480044907774
            ],
            [
              -7.147822818260721,
              45.31435129143568
            ],
            [
              -7.152763552323378,
              45.314980112134556
            ],
            [
              -7.1521347316244945,
              45.315249606719796
            ]
          ]
        ]
      },
      "properties": {
        "region_id": 588844,
        "centroid_lon": -7.148028902355313,
        "centroid_lat": 45.31445521418423,
        "area_px": 102,
        "area_km2": 0.0286,
        "elongation_ratio": 18.026,
        "circularity": 0.151,
        "mean_probability": 0.6883,
        "max_probability": 0.8616,
        "pixel_bbox": {
          "min_row": 10136,
          "min_col": 15066,
          "max_row": 10146,
          "max_col": 15119
        }
      }
    },
    {
      "type": "Feature",
      "geometry": {
        "type": "Polygon",
        "coordinates": [
          [
            [
              -9.516680222483899,
              45.601812182353925
            ],
            [
              -9.510392015495063,
              45.6009138670698
            ],
            [
              -9.511559825364419,
              45.60064437248457
            ],
            [
              -9.51209881453489,
              45.60100369859821
            ],
            [
              -9.51766836929643,
              45.60136302471186
            ],
            [
              -9.516680222483899,
              45.601812182353925
            ]
          ]
        ]
      },
      "properties": {
        "region_id": 541040,
        "centroid_lon": -9.513691122411055,
        "centroid_lat": 45.60120273708274,
        "area_px": 102,
        "area_km2": 0.0285,
        "elongation_ratio": 17.668,
        "circularity": 0.196,
        "mean_probability": 0.7178,
        "max_probability": 0.8869,
        "pixel_bbox": {
          "min_row": 8541,
          "min_col": 1903,
          "max_row": 8549,
          "max_col": 1950
        }
      }
    },
    {
      "type": "Feature",
      "geometry": {
        "type": "Point",
        "coordinates": [
          -9.29723247162638,
          45.57707382461877
        ]
      },
      "properties": {
        "region_id": 549688,
        "centroid_lon": -9.29723247162638,
        "centroid_lat": 45.57707382461877,
        "area_px": 101,
        "area_km2": 0.0282,
        "elongation_ratio": 20.628,
        "circularity": 0.163,
        "mean_probability": 0.7198,
        "max_probability": 0.8876,
        "pixel_bbox": {
          "min_row": 8675,
          "min_col": 3104,
          "max_row": 8683,
          "max_col": 3155
        }
      }
    },
    {
      "type": "Feature",
      "geometry": {
        "type": "Polygon",
        "coordinates": [
          [
            [
              -8.536258921395854,
              45.488804119611686
            ],
            [
              -8.540570834759627,
              45.48934310878216
            ],
            [
              -8.539762351003919,
              45.48979226642422
            ],
            [
              -8.538504709606153,
              45.489253277253745
            ],
            [
              -8.53796572043568,
              45.48961260336739
            ],
            [
              -8.536708079037913,
              45.48907361419692
            ],
            [
              -8.53563010069697,
              45.489253277253745
            ],
            [
              -8.535540269168557,
              45.488804119611686
            ],
            [
              -8.536258921395854,
              45.488804119611686
            ]
          ]
        ]
      },
      "properties": {
        "region_id": 570364,
        "centroid_lon": -8.539332248534553,
        "centroid_lat": 45.48936851567908,
        "area_px": 99,
        "area_km2": 0.0277,
        "elongation_ratio": 18.544,
        "circularity": 0.182,
        "mean_probability": 0.7182,
        "max_probability": 0.8758,
        "pixel_bbox": {
          "min_row": 9163,
          "min_col": 7326,
          "max_row": 9171,
          "max_col": 7373
        }
      }
    },
    {
      "type": "Feature",
      "geometry": {
        "type": "Polygon",
        "coordinates": [
          [
            [
              -8.712508380140104,
              45.50964503420326
            ],
            [
              -8.716281304333405,
              45.51018402337373
            ],
            [
              -8.71331686389581,
              45.510273854902145
            ],
            [
              -8.711071075685512,
              45.50964503420326
            ],
            [
              -8.712508380140104,
              45.50964503420326
            ]
          ]
        ]
      },
      "properties": {
        "region_id": 565342,
        "centroid_lon": -8.715225074678289,
        "centroid_lat": 45.51018402337373,
        "area_px": 95,
        "area_km2": 0.0266,
        "elongation_ratio": 19.469,
        "circularity": 0.177,
        "mean_probability": 0.6966,
        "max_probability": 0.8783,
        "pixel_bbox": {
          "min_row": 9047,
          "min_col": 6346,
          "max_row": 9055,
          "max_col": 6395
        }
      }
    },
    {
      "type": "Feature",
      "geometry": {
        "type": "Polygon",
        "coordinates": [
          [
            [
              -7.858210544942439,
              45.406338776529516
            ],
            [
              -7.856863072016259,
              45.40570995583063
            ],
            [
              -7.856863072016259,
              45.406069281944276
            ],
            [
              -7.856144419788963,
              45.406069281944276
            ],
            [
              -7.8557850936753155,
              45.40570995583063
            ],
            [
              -7.853898631578665,
              45.40562012430222
            ],
            [
              -7.855605430618493,
              45.405350629716985
            ],
            [
              -7.858839365641322,
              45.40588961888746
            ],
            [
              -7.858210544942439,
              45.406338776529516
            ]
          ]
        ]
      },
      "properties": {
        "region_id": 583827,
        "centroid_lon": -7.854987468675789,
        "centroid_lat": 45.4055806379161,
        "area_px": 91,
        "area_km2": 0.0255,
        "elongation_ratio": 18.21,
        "circularity": 0.176,
        "mean_probability": 0.6955,
        "max_probability": 0.8898,
        "pixel_bbox": {
          "min_row": 9629,
          "min_col": 11136,
          "max_row": 9638,
          "max_col": 11185
        }
      }
    },
    {
      "type": "Feature",
      "geometry": {
        "type": "Polygon",
        "coordinates": [
          [
            [
              -7.160489063766806,
              45.315878427418674
            ],
            [
              -7.16525013477264,
              45.31650724811756
            ],
            [
              -7.164261987960108,
              45.3167767427028
            ],
            [
              -7.160489063766806,
              45.31641741658915
            ],
            [
              -7.160039906124746,
              45.316147922003914
            ],
            [
              -7.160489063766806,
              45.315878427418674
            ]
          ]
        ]
      },
      "properties": {
        "region_id": 588792,
        "centroid_lon": -7.162908526265369,
        "centroid_lat": 45.316407435308214,
        "area_px": 90,
        "area_km2": 0.0253,
        "elongation_ratio": 21.051,
        "circularity": 0.178,
        "mean_probability": 0.6934,
        "max_probability": 0.8871,
        "pixel_bbox": {
          "min_row": 10126,
          "min_col": 14982,
          "max_row": 10134,
          "max_col": 15035
        }
      }
    },
    {
      "type": "Feature",
      "geometry": {
        "type": "Polygon",
        "coordinates": [
          [
            [
              -9.440682749447388,
              45.59354768174002
            ],
            [
              -9.439245444992796,
              45.59300869256955
            ],
            [
              -9.443826852941806,
              45.59327818715479
            ],
            [
              -9.440682749447388,
              45.59354768174002
            ]
          ]
        ]
      },
      "properties": {
        "region_id": 543954,
        "centroid_lon": -9.440305457028057,
        "centroid_lat": 45.593104512866525,
        "area_px": 90,
        "area_km2": 0.0251,
        "elongation_ratio": 15.088,
        "circularity": 0.213,
        "mean_probability": 0.7258,
        "max_probability": 0.9171,
        "pixel_bbox": {
          "min_row": 8587,
          "min_col": 2314,
          "max_row": 8594,
          "max_col": 2355
        }
      }
    },
    {
      "type": "Feature",
      "geometry": {
        "type": "Polygon",
        "coordinates": [
          [
            [
              -9.410050198258912,
              45.58950526296148
            ],
            [
              -9.413912953980626,
              45.59013408366037
            ],
            [
              -9.412924807168094,
              45.590403578245606
            ],
            [
              -9.412385817997622,
              45.589864589075134
            ],
            [
              -9.411667165770327,
              45.59022391518878
            ],
            [
              -9.409870535202089,
              45.589864589075134
            ],
            [
              -9.410050198258912,
              45.58950526296148
            ]
          ]
        ]
      },
      "properties": {
        "region_id": 544990,
        "centroid_lon": -9.412226341801116,
        "centroid_lat": 45.58995643928957,
        "area_px": 89,
        "area_km2": 0.0249,
        "elongation_ratio": 17.236,
        "circularity": 0.185,
        "mean_probability": 0.6943,
        "max_probability": 0.888,
        "pixel_bbox": {
          "min_row": 8604,
          "min_col": 2468,
          "max_row": 8611,
          "max_col": 2512
        }
      }
    },
    {
      "type": "Feature",
      "geometry": {
        "type": "Polygon",
        "coordinates": [
          [
            [
              -8.695620052798656,
              45.5076687405782
            ],
            [
              -8.69858449323625,
              45.50793823516343
            ],
            [
              -8.698853987821487,
              45.50838739280549
            ],
            [
              -8.694092916815654,
              45.50793823516343
            ],
            [
              -8.695620052798656,
              45.5076687405782
            ]
          ]
        ]
      },
      "properties": {
        "region_id": 565871,
        "centroid_lon": -8.69800833239885,
        "centroid_lat": 45.50814577697045,
        "area_px": 87,
        "area_km2": 0.0243,
        "elongation_ratio": 18.452,
        "circularity": 0.187,
        "mean_probability": 0.7053,
        "max_probability": 0.8925,
        "pixel_bbox": {
          "min_row": 9059,
          "min_col": 6442,
          "max_row": 9066,
          "max_col": 6488
        }
      }
    },
    {
      "type": "Feature",
      "geometry": {
        "type": "Polygon",
        "coordinates": [
          [
            [
              -6.667763130427248,
              45.25003191709272
            ],
            [
              -6.665697005273774,
              45.249582759450654
            ],
            [
              -6.664259700819183,
              45.24976242250748
            ],
            [
              -6.664080037762359,
              45.249403096393834
            ],
            [
              -6.66228340719412,
              45.249403096393834
            ],
            [
              -6.661295260381588,
              45.248953938751775
            ],
            [
              -6.667852961955661,
              45.24976242250748
            ],
            [
              -6.667763130427248,
              45.25003191709272
            ]
          ]
        ]
      },
      "properties": {
        "region_id": 589420,
        "centroid_lon": -6.663596004350445,
        "centroid_lat": 45.24928578698614,
        "area_px": 85,
        "area_km2": 0.0239,
        "elongation_ratio": 20.282,
        "circularity": 0.167,
        "mean_probability": 0.6851,
        "max_probability": 0.8608,
        "pixel_bbox": {
          "min_row": 10499,
          "min_col": 17765,
          "max_row": 10508,
          "max_col": 17813
        }
      }
    },
    {
      "type": "Feature",
      "geometry": {
        "type": "Polygon",
        "coordinates": [
          [
            [
              -9.326776371421033,
              45.580791604705524
            ],
            [
              -9.326327213778972,
              45.580342447063465
            ],
            [
              -9.324710246267557,
              45.580342447063465
            ],
            [
              -9.32435092015391,
              45.58070177317711
            ],
            [
              -9.323542436398203,
              45.579893289421406
            ],
            [
              -9.327944181290388,
              45.58052211012029
            ],
            [
              -9.326776371421033,
              45.580791604705524
            ]
          ]
        ]
      },
      "properties": {
        "region_id": 548554,
        "centroid_lon": -9.324033867700692,
        "centroid_lat": 45.58014270401794,
        "area_px": 85,
        "area_km2": 0.0237,
        "elongation_ratio": 12.933,
        "circularity": 0.231,
        "mean_probability": 0.7079,
        "max_probability": 0.8972,
        "pixel_bbox": {
          "min_row": 8658,
          "min_col": 2959,
          "max_row": 8666,
          "max_col": 3000
        }
      }
    },
    {
      "type": "Feature",
      "geometry": {
        "type": "Polygon",
        "coordinates": [
          [
            [
              -7.283288763105945,
              45.33249726017489
            ],
            [
              -7.280414154196762,
              45.33195827100442
            ],
            [
              -7.281042974895646,
              45.331688776419185
            ],
            [
              -7.283737920748004,
              45.33204810253283
            ],
            [
              -7.283288763105945,
              45.33249726017489
            ]
          ]
        ]
      },
      "properties": {
        "region_id": 588326,
        "centroid_lon": -7.279941962829469,
        "centroid_lat": 45.331780911320116,
        "area_px": 78,
        "area_km2": 0.0219,
        "elongation_ratio": 22.473,
        "circularity": 0.174,
        "mean_probability": 0.6992,
        "max_probability": 0.8521,
        "pixel_bbox": {
          "min_row": 10040,
          "min_col": 14337,
          "max_row": 10049,
          "max_col": 14383
        }
      }
    },
    {
      "type": "Feature",
      "geometry": {
        "type": "Polygon",
        "coordinates": [
          [
            [
              -8.688972519696172,
              45.50748907752137
            ],
            [
              -8.687894541355229,
              45.507129751407724
            ],
            [
              -8.690858981792823,
              45.50703991987931
            ],
            [
              -8.688972519696172,
              45.50748907752137
            ]
          ]
        ]
      },
      "properties": {
        "region_id": 566162,
        "centroid_lon": -8.68788744939246,
        "centroid_lat": 45.50695718031367,
        "area_px": 76,
        "area_km2": 0.0213,
        "elongation_ratio": 15.727,
        "circularity": 0.211,
        "mean_probability": 0.7041,
        "max_probability": 0.885,
        "pixel_bbox": {
          "min_row": 9066,
          "min_col": 6505,
          "max_row": 9073,
          "max_col": 6543
        }
      }
    },
    {
      "type": "Feature",
      "geometry": {
        "type": "Polygon",
        "coordinates": [
          [
            [
              -6.730824863372439,
              45.25865574382026
            ],
            [
              -6.7294773904462595,
              45.258206586178204
            ],
            [
              -6.728758738218964,
              45.25856591229185
            ],
            [
              -6.728489243633728,
              45.25811675464979
            ],
            [
              -6.73181301018497,
              45.25838624923503
            ],
            [
              -6.730824863372439,
              45.25865574382026
            ]
          ]
        ]
      },
      "properties": {
        "region_id": 589375,
        "centroid_lon": -6.727956243231818,
        "centroid_lat": 45.25805686696418,
        "area_px": 75,
        "area_km2": 0.0211,
        "elongation_ratio": 18.981,
        "circularity": 0.203,
        "mean_probability": 0.7141,
        "max_probability": 0.8963,
        "pixel_bbox": {
          "min_row": 10451,
          "min_col": 17409,
          "max_row": 10459,
          "max_col": 17453
        }
      }
    },
    {
      "type": "Feature",
      "geometry": {
        "type": "Polygon",
        "coordinates": [
          [
            [
              -7.028526548529649,
              45.29836127937835
            ],
            [
              -7.0324791357797745,
              45.29890026854882
            ],
            [
              -7.028257053944413,
              45.29899010007723
            ],
            [
              -7.027358738660293,
              45.29845111090676
            ],
            [
              -7.028526548529649,
              45.29836127937835
            ]
          ]
        ]
      },
      "properties": {
        "region_id": 589197,
        "centroid_lon": -7.03062712961183,
        "centroid_lat": 45.29884858465576,
        "area_px": 73,
        "area_km2": 0.0205,
        "elongation_ratio": 14.448,
        "circularity": 0.222,
        "mean_probability": 0.6813,
        "max_probability": 0.8457,
        "pixel_bbox": {
          "min_row": 10223,
          "min_col": 15728,
          "max_row": 10231,
          "max_col": 15765
        }
      }
    },
    {
      "type": "Feature",
      "geometry": {
        "type": "Polygon",
        "coordinates": [
          [
            [
              -8.656094180297398,
              45.50299750110077
            ],
            [
              -8.660585756717996,
              45.503536490271244
            ],
            [
              -8.65851963156452,
              45.503805984856484
            ],
            [
              -8.658339968507697,
              45.50344665874283
            ],
            [
              -8.65798064239405,
              45.503805984856484
            ],
            [
              -8.657621316280402,
              45.50344665874283
            ],
            [
              -8.65528569654169,
              45.50326699568601
            ],
            [
              -8.656094180297398,
              45.50299750110077
            ]
          ]
        ]
      },
      "properties": {
        "region_id": 566960,
        "centroid_lon": -8.658485175635814,
        "centroid_lat": 45.50348480637819,
        "area_px": 73,
        "area_km2": 0.0204,
        "elongation_ratio": 16.874,
        "circularity": 0.206,
        "mean_probability": 0.7,
        "max_probability": 0.8808,
        "pixel_bbox": {
          "min_row": 9085,
          "min_col": 6665,
          "max_row": 9092,
          "max_col": 6704
        }
      }
    },
    {
      "type": "Feature",
      "geometry": {
        "type": "Polygon",
        "coordinates": [
          [
            [
              -7.910402662949783,
              45.41235748893311
            ],
            [
              -7.913187440330553,
              45.41280664657518
            ],
            [
              -7.912019630461198,
              45.41307614116041
            ],
            [
              -7.910402662949783,
              45.41235748893311
            ]
          ]
        ]
      },
      "properties": {
        "region_id": 582811,
        "centroid_lon": -7.91067964349572,
        "centroid_lat": 45.41256210519227,
        "area_px": 72,
        "area_km2": 0.0202,
        "elongation_ratio": 12.623,
        "circularity": 0.233,
        "mean_probability": 0.6923,
        "max_probability": 0.8918,
        "pixel_bbox": {
          "min_row": 9590,
          "min_col": 10829,
          "max_row": 9598,
          "max_col": 10867
        }
      }
    },
    {
      "type": "Feature",
      "geometry": {
        "type": "Polygon",
        "coordinates": [
          [
            [
              -8.736942555868154,
              45.51251964311244
            ],
            [
              -8.739637501720512,
              45.51305863228291
            ],
            [
              -8.736673061282918,
              45.51278913769767
            ],
            [
              -8.736942555868154,
              45.51251964311244
            ]
          ]
        ]
      },
      "properties": {
        "region_id": 564644,
        "centroid_lon": -8.739712361327523,
        "centroid_lat": 45.51309606208642,
        "area_px": 72,
        "area_km2": 0.0201,
        "elongation_ratio": 8.612,
        "circularity": 0.266,
        "mean_probability": 0.6799,
        "max_probability": 0.8623,
        "pixel_bbox": {
          "min_row": 9031,
          "min_col": 6217,
          "max_row": 9039,
          "max_col": 6251
        }
      }
    },
    {
      "type": "Feature",
      "geometry": {
        "type": "Polygon",
        "coordinates": [
          [
            [
              -7.121771675021255,
              45.3107580302992
            ],
            [
              -7.1248259469872615,
              45.31129701946967
            ],
            [
              -7.124017463231554,
              45.3115665140549
            ],
            [
              -7.122759821833786,
              45.31102752488443
            ],
            [
              -7.122400495720139,
              45.31138685099808
            ],
            [
              -7.122220832663315,
              45.31102752488443
            ],
            [
              -7.120783528208723,
              45.31102752488443
            ],
            [
              -7.120873359737136,
              45.3107580302992
            ],
            [
              -7.121771675021255,
              45.3107580302992
            ]
          ]
        ]
      },
      "properties": {
        "region_id": 588925,
        "centroid_lon": -7.124032646025088,
        "centroid_lat": 45.31124894062348,
        "area_px": 71,
        "area_km2": 0.0199,
        "elongation_ratio": 17.583,
        "circularity": 0.206,
        "mean_probability": 0.6792,
        "max_probability": 0.8471,
        "pixel_bbox": {
          "min_row": 10155,
          "min_col": 15205,
          "max_row": 10162,
          "max_col": 15248
        }
      }
    },
    {
      "type": "Feature",
      "geometry": {
        "type": "Polygon",
        "coordinates": [
          [
            [
              -6.6968685456327215,
              45.25362517822919
            ],
            [
              -6.699383828428256,
              45.253984504342846
            ],
            [
              -6.698575344672548,
              45.25425399892808
            ],
            [
              -6.696599051047485,
              45.253715009757606
            ],
            [
              -6.6968685456327215,
              45.25362517822919
            ]
          ]
        ]
      },
      "properties": {
        "region_id": 589400,
        "centroid_lon": -6.6998461965892,
        "centroid_lat": 45.25424078840919,
        "area_px": 68,
        "area_km2": 0.0191,
        "elongation_ratio": 14.688,
        "circularity": 0.243,
        "mean_probability": 0.7087,
        "max_probability": 0.8616,
        "pixel_bbox": {
          "min_row": 10473,
          "min_col": 17571,
          "max_row": 10480,
          "max_col": 17606
        }
      }
    },
    {
      "type": "Feature",
      "geometry": {
        "type": "Polygon",
        "coordinates": [
          [
            [
              -7.804042133310031,
              45.398882759671324
            ],
            [
              -7.8062879215203305,
              45.3995115803702
            ],
            [
              -7.803592975667971,
              45.399152254256556
            ],
            [
              -7.804042133310031,
              45.398882759671324
            ]
          ]
        ]
      },
      "properties": {
        "region_id": 584663,
        "centroid_lon": -7.804680339392481,
        "centroid_lat": 45.39924074501589,
        "area_px": 67,
        "area_km2": 0.0188,
        "elongation_ratio": 13.093,
        "circularity": 0.23,
        "mean_probability": 0.6864,
        "max_probability": 0.8596,
        "pixel_bbox": {
          "min_row": 9665,
          "min_col": 11420,
          "max_row": 9672,
          "max_col": 11456
        }
      }
    },
    {
      "type": "Feature",
      "geometry": {
        "type": "Polygon",
        "coordinates": [
          [
            [
              -7.107039304361695,
              45.30932072584461
            ],
            [
              -7.102727390997921,
              45.30842241056049
            ],
            [
              -7.106769809776459,
              45.30869190514572
            ],
            [
              -7.107668125060579,
              45.30887156820255
            ],
            [
              -7.107578293532166,
              45.30932072584461
            ],
            [
              -7.107039304361695,
              45.30932072584461
            ]
          ]
        ]
      },
      "properties": {
        "region_id": 588985,
        "centroid_lon": -7.105294963787606,
        "centroid_lat": 45.30877905513597,
        "area_px": 67,
        "area_km2": 0.0188,
        "elongation_ratio": 12.971,
        "circularity": 0.26,
        "mean_probability": 0.7237,
        "max_probability": 0.8984,
        "pixel_bbox": {
          "min_row": 10169,
          "min_col": 15314,
          "max_row": 10176,
          "max_col": 15350
        }
      }
    },
    {
      "type": "Feature",
      "geometry": {
        "type": "Polygon",
        "coordinates": [
          [
            [
              -7.087815357281537,
              45.3062664538786
            ],
            [
              -7.087725525753125,
              45.30653594846383
            ],
            [
              -7.088713672565657,
              45.306625779992245
            ],
            [
              -7.088084851866773,
              45.306895274577485
            ],
            [
              -7.0866475474121815,
              45.30635628540701
            ],
            [
              -7.087815357281537,
              45.3062664538786
            ]
          ]
        ]
      },
      "properties": {
        "region_id": 589040,
        "centroid_lon": -7.089607965542534,
        "centroid_lat": 45.30671427075158,
        "area_px": 67,
        "area_km2": 0.0188,
        "elongation_ratio": 14.396,
        "circularity": 0.252,
        "mean_probability": 0.7033,
        "max_probability": 0.8892,
        "pixel_bbox": {
          "min_row": 10181,
          "min_col": 15399,
          "max_row": 10187,
          "max_col": 15435
        }
      }
    },
    {
      "type": "Feature",
      "geometry": {
        "type": "Polygon",
        "coordinates": [
          [
            [
              -8.624114156182742,
              45.49922457690747
            ],
            [
              -8.62716842814875,
              45.499763566077945
            ],
            [
              -8.623844661597508,
              45.499494071492705
            ],
            [
              -8.624114156182742,
              45.49922457690747
            ]
          ]
        ]
      },
      "properties": {
        "region_id": 567851,
        "centroid_lon": -8.627217427164247,
        "centroid_lat": 45.49978806558569,
        "area_px": 66,
        "area_km2": 0.0185,
        "elongation_ratio": 15.705,
        "circularity": 0.214,
        "mean_probability": 0.7161,
        "max_probability": 0.8792,
        "pixel_bbox": {
          "min_row": 9105,
          "min_col": 6842,
          "max_row": 9113,
          "max_col": 6879
        }
      }
    },
    {
      "type": "Feature",
      "geometry": {
        "type": "Polygon",
        "coordinates": [
          [
            [
              -8.602913915477522,
              45.49670929411194
            ],
            [
              -8.602824083949109,
              45.49697878869717
            ],
            [
              -8.605968187443528,
              45.49706862022558
            ],
            [
              -8.603363073119581,
              45.497158451754
            ],
            [
              -8.603183410062758,
              45.49751777786764
            ],
            [
              -8.603003747005934,
              45.497158451754
            ],
            [
              -8.601746105608166,
              45.49697878869717
            ],
            [
              -8.602913915477522,
              45.49670929411194
            ]
          ]
        ]
      },
      "properties": {
        "region_id": 568552,
        "centroid_lon": -8.604424718455359,
        "centroid_lat": 45.49709856406839,
        "area_px": 66,
        "area_km2": 0.0185,
        "elongation_ratio": 11.833,
        "circularity": 0.264,
        "mean_probability": 0.7052,
        "max_probability": 0.8964,
        "pixel_bbox": {
          "min_row": 9121,
          "min_col": 6969,
          "max_row": 9127,
          "max_col": 7002
        }
      }
    },
    {
      "type": "Feature",
      "geometry": {
        "type": "Polygon",
        "coordinates": [
          [
            [
              -8.481012531422502,
              45.48224641803761
            ],
            [
              -8.483976971860097,
              45.48269557567967
            ],
            [
              -8.481910846706622,
              45.482785407208084
            ],
            [
              -8.481012531422502,
              45.48260574415126
            ],
            [
              -8.481012531422502,
              45.48224641803761
            ]
          ]
        ]
      },
      "properties": {
        "region_id": 571956,
        "centroid_lon": -8.483965742919047,
        "centroid_lat": 45.48274049144388,
        "area_px": 64,
        "area_km2": 0.0179,
        "elongation_ratio": 11.662,
        "circularity": 0.272,
        "mean_probability": 0.6969,
        "max_probability": 0.8628,
        "pixel_bbox": {
          "min_row": 9201,
          "min_col": 7641,
          "max_row": 9208,
          "max_col": 7675
        }
      }
    },
    {
      "type": "Feature",
      "geometry": {
        "type": "Polygon",
        "coordinates": [
          [
            [
              -7.891538041983273,
              45.4100218691944
            ],
            [
              -7.894322819364043,
              45.41029136377964
            ],
            [
              -7.893873661721983,
              45.4107405214217
            ],
            [
              -7.892975346437864,
              45.41038119530805
            ],
            [
              -7.89189736809692,
              45.410560858364875
            ],
            [
              -7.891538041983273,
              45.4100218691944
            ]
          ]
        ]
      },
      "properties": {
        "region_id": 583199,
        "centroid_lon": -7.8933430942573,
        "centroid_lat": 45.41035873742595,
        "area_px": 64,
        "area_km2": 0.0179,
        "elongation_ratio": 15.879,
        "circularity": 0.219,
        "mean_probability": 0.7001,
        "max_probability": 0.8669,
        "pixel_bbox": {
          "min_row": 9604,
          "min_col": 10926,
          "max_row": 9610,
          "max_col": 10962
        }
      }
    },
    {
      "type": "Feature",
      "geometry": {
        "type": "Polygon",
        "coordinates": [
          [
            [
              -7.232264454967956,
              45.3258497270724
            ],
            [
              -7.2309169820417765,
              45.325759895543996
            ],
            [
              -7.2307373189849535,
              45.32540056943034
            ],
            [
              -7.229479677587186,
              45.32558023248717
            ],
            [
              -7.22831186771783,
              45.324951411788284
            ],
            [
              -7.232893275666839,
              45.32558023248717
            ],
            [
              -7.232264454967956,
              45.3258497270724
            ]
          ]
        ]
      },
      "properties": {
        "region_id": 588535,
        "centroid_lon": -7.230383696460411,
        "centroid_lat": 45.32529933072372,
        "area_px": 63,
        "area_km2": 0.0177,
        "elongation_ratio": 11.703,
        "circularity": 0.277,
        "mean_probability": 0.6996,
        "max_probability": 0.8845,
        "pixel_bbox": {
          "min_row": 10077,
          "min_col": 14620,
          "max_row": 10084,
          "max_col": 14650
        }
      }
    },
    {
      "type": "Feature",
      "geometry": {
        "type": "Polygon",
        "coordinates": [
          [
            [
              -9.334322219807635,
              45.58151025693282
            ],
            [
              -9.332256094654161,
              45.581061099290764
            ],
            [
              -9.331178116313218,
              45.58124076234758
            ],
            [
              -9.330189969500687,
              45.5806119416487
            ],
            [
              -9.334322219807635,
              45.58151025693282
            ]
          ]
        ]
      },
      "properties": {
        "region_id": 548278,
        "centroid_lon": -9.332658887636395,
        "centroid_lat": 45.58106689487324,
        "area_px": 62,
        "area_km2": 0.0173,
        "elongation_ratio": 10.388,
        "circularity": 0.337,
        "mean_probability": 0.7293,
        "max_probability": 0.8996,
        "pixel_bbox": {
          "min_row": 8654,
          "min_col": 2919,
          "max_row": 8660,
          "max_col": 2949
        }
      }
    },
    {
      "type": "Feature",
      "geometry": {
        "type": "Polygon",
        "coordinates": [
          [
            [
              -8.754010546266425,
              45.515034925907976
            ],
            [
              -8.752213915698187,
              45.51467559979433
            ],
            [
              -8.754639366965309,
              45.51458576826592
            ],
            [
              -8.754010546266425,
              45.515034925907976
            ]
          ]
        ]
      },
      "properties": {
        "region_id": 564369,
        "centroid_lon": -8.752167551038362,
        "centroid_lat": 45.51453360802361,
        "area_px": 62,
        "area_km2": 0.0173,
        "elongation_ratio": 12.095,
        "circularity": 0.27,
        "mean_probability": 0.7194,
        "max_probability": 0.8897,
        "pixel_bbox": {
          "min_row": 9024,
          "min_col": 6150,
          "max_row": 9030,
          "max_col": 6179
        }
      }
    },
    {
      "type": "Feature",
      "geometry": {
        "type": "Polygon",
        "coordinates": [
          [
            [
              -8.636331244046769,
              45.50066188136206
            ],
            [
              -8.639026189899127,
              45.501200870532536
            ],
            [
              -8.637678716972948,
              45.50111103900412
            ],
            [
              -8.637139727802476,
              45.50147036511777
            ],
            [
              -8.635702423347885,
              45.500931375947296
            ],
            [
              -8.636331244046769,
              45.50066188136206
            ]
          ]
        ]
      },
      "properties": {
        "region_id": 567564,
        "centroid_lon": -8.638188728231029,
        "centroid_lat": 45.501134221334034,
        "area_px": 62,
        "area_km2": 0.0173,
        "elongation_ratio": 10.378,
        "circularity": 0.272,
        "mean_probability": 0.6947,
        "max_probability": 0.8898,
        "pixel_bbox": {
          "min_row": 9098,
          "min_col": 6783,
          "max_row": 9105,
          "max_col": 6813
        }
      }
    },
    {
      "type": "Feature",
      "geometry": {
        "type": "Polygon",
        "coordinates": [
          [
            [
              -8.618275106835966,
              45.49859575620859
            ],
            [
              -8.619173422120085,
              45.49859575620859
            ],
            [
              -8.61944291670532,
              45.499044913850646
            ],
            [
              -8.617825949193906,
              45.49886525079383
            ],
            [
              -8.618275106835966,
              45.49859575620859
            ]
          ]
        ]
      },
      "properties": {
        "region_id": 568151,
        "centroid_lon": -8.6186314876536,
        "centroid_lat": 45.49880929016957,
        "area_px": 61,
        "area_km2": 0.0171,
        "elongation_ratio": 10.804,
        "circularity": 0.27,
        "mean_probability": 0.6952,
        "max_probability": 0.8619,
        "pixel_bbox": {
          "min_row": 9112,
          "min_col": 6891,
          "max_row": 9118,
          "max_col": 6922
        }
      }
    },
    {
      "type": "Feature",
      "geometry": {
        "type": "Polygon",
        "coordinates": [
          [
            [
              -7.861444479965269,
              45.40615911347269
            ],
            [
              -7.863061447476684,
              45.406518439586335
            ],
            [
              -7.861174985380033,
              45.40660827111475
            ],
            [
              -7.860366501624325,
              45.40615911347269
            ],
            [
              -7.861444479965269,
              45.40615911347269
            ]
          ]
        ]
      },
      "properties": {
        "region_id": 583718,
        "centroid_lon": -7.86322196610942,
        "centroid_lat": 45.40659501728269,
        "area_px": 61,
        "area_km2": 0.0171,
        "elongation_ratio": 14.111,
        "circularity": 0.235,
        "mean_probability": 0.6859,
        "max_probability": 0.8536,
        "pixel_bbox": {
          "min_row": 9624,
          "min_col": 11096,
          "max_row": 9631,
          "max_col": 11130
        }
      }
    },
    {
      "type": "Feature",
      "geometry": {
        "type": "Polygon",
        "coordinates": [
          [
            [
              -7.846712109305709,
              45.4047218090181
            ],
            [
              -7.84401716345335,
              45.40436248290445
            ],
            [
              -7.845544299436353,
              45.40409298831921
            ],
            [
              -7.847161266947769,
              45.40445231443286
            ],
            [
              -7.846712109305709,
              45.4047218090181
            ]
          ]
        ]
      },
      "properties": {
        "region_id": 584039,
        "centroid_lon": -7.8446489294482475,
        "centroid_lat": 45.40425939754398,
        "area_px": 61,
        "area_km2": 0.0171,
        "elongation_ratio": 12.232,
        "circularity": 0.282,
        "mean_probability": 0.7019,
        "max_probability": 0.8676,
        "pixel_bbox": {
          "min_row": 9638,
          "min_col": 11201,
          "max_row": 9644,
          "max_col": 11231
        }
      }
    },
    {
      "type": "Feature",
      "geometry": {
        "type": "Polygon",
        "coordinates": [
          [
            [
              -9.343305372648832,
              45.582049246103296
            ],
            [
              -9.344922340160247,
              45.58240857221694
            ],
            [
              -9.3423172258363,
              45.582498403745355
            ],
            [
              -9.343305372648832,
              45.582049246103296
            ]
          ]
        ]
      },
      "properties": {
        "region_id": 547789,
        "centroid_lon": -9.344637873653609,
        "centroid_lat": 45.582423544138344,
        "area_px": 60,
        "area_km2": 0.0168,
        "elongation_ratio": 10.191,
        "circularity": 0.348,
        "mean_probability": 0.7285,
        "max_probability": 0.8998,
        "pixel_bbox": {
          "min_row": 8647,
          "min_col": 2853,
          "max_row": 8652,
          "max_col": 2880
        }
      }
    },
    {
      "type": "Feature",
      "geometry": {
        "type": "Point",
        "coordinates": [
          -8.58485777826672,
          45.494766496988994
        ]
      },
      "properties": {
        "region_id": 569102,
        "centroid_lon": -8.58485777826672,
        "centroid_lat": 45.494766496988994,
        "area_px": 59,
        "area_km2": 0.0165,
        "elongation_ratio": 15.055,
        "circularity": 0.237,
        "mean_probability": 0.7035,
        "max_probability": 0.8583,
        "pixel_bbox": {
          "min_row": 9134,
          "min_col": 7079,
          "max_row": 9140,
          "max_col": 7113
        }
      }
    },
    {
      "type": "Feature",
      "geometry": {
        "type": "Point",
        "coordinates": [
          -9.581064647243982,
          45.60859601156848
        ]
      },
      "properties": {
        "region_id": 538722,
        "centroid_lon": -9.581064647243982,
        "centroid_lat": 45.60859601156848,
        "area_px": 58,
        "area_km2": 0.0162,
        "elongation_ratio": 9.701,
        "circularity": 0.318,
        "mean_probability": 0.7597,
        "max_probability": 0.921,
        "pixel_bbox": {
          "min_row": 8501,
          "min_col": 1537,
          "max_row": 8506,
          "max_col": 1563
        }
      }
    },
    {
      "type": "Feature",
      "geometry": {
        "type": "Polygon",
        "coordinates": [
          [
            [
              -8.64836866885397,
              45.502099185816654
            ],
            [
              -8.651782266933624,
              45.502638174987126
            ],
            [
              -8.650434794007445,
              45.50290766957236
            ],
            [
              -8.649536478723325,
              45.502368680401894
            ],
            [
              -8.647739848155085,
              45.50254834345871
            ],
            [
              -8.647470353569851,
              45.502099185816654
            ],
            [
              -8.64836866885397,
              45.502099185816654
            ]
          ]
        ]
      },
      "properties": {
        "region_id": 567271,
        "centroid_lon": -8.650010417476672,
        "centroid_lat": 45.5024863906805,
        "area_px": 58,
        "area_km2": 0.0162,
        "elongation_ratio": 12.586,
        "circularity": 0.26,
        "mean_probability": 0.7167,
        "max_probability": 0.8812,
        "pixel_bbox": {
          "min_row": 9091,
          "min_col": 6718,
          "max_row": 9097,
          "max_col": 6749
        }
      }
    },
    {
      "type": "Feature",
      "geometry": {
        "type": "Polygon",
        "coordinates": [
          [
            [
              -7.247176488684341,
              45.32728703152699
            ],
            [
              -7.250769749820819,
              45.32800568375429
            ],
            [
              -7.249691771479875,
              45.32818534681112
            ],
            [
              -7.247176488684341,
              45.32728703152699
            ]
          ]
        ]
      },
      "properties": {
        "region_id": 588468,
        "centroid_lon": -7.248697091465277,
        "centroid_lat": 45.327688823454075,
        "area_px": 55,
        "area_km2": 0.0154,
        "elongation_ratio": 12.397,
        "circularity": 0.273,
        "mean_probability": 0.7026,
        "max_probability": 0.9035,
        "pixel_bbox": {
          "min_row": 10064,
          "min_col": 14518,
          "max_row": 10070,
          "max_col": 14549
        }
      }
    },
    {
      "type": "Feature",
      "geometry": {
        "type": "Polygon",
        "coordinates": [
          [
            [
              -7.2242694489392925,
              45.3243225910894
            ],
            [
              -7.225796584922295,
              45.324771748731465
            ],
            [
              -7.224089785882469,
              45.32468191720305
            ],
            [
              -7.2242694489392925,
              45.3243225910894
            ]
          ]
        ]
      },
      "properties": {
        "region_id": 588557,
        "centroid_lon": -7.224695316925838,
        "centroid_lat": 45.32451888961445,
        "area_px": 54,
        "area_km2": 0.0152,
        "elongation_ratio": 14.771,
        "circularity": 0.222,
        "mean_probability": 0.6877,
        "max_probability": 0.8865,
        "pixel_bbox": {
          "min_row": 10082,
          "min_col": 14651,
          "max_row": 10088,
          "max_col": 14681
        }
      }
    },
    {
      "type": "Feature",
      "geometry": {
        "type": "Polygon",
        "coordinates": [
          [
            [
              -8.678192736286737,
              45.50605177306678
            ],
            [
              -8.675857116548027,
              45.50551278389631
            ],
            [
              -8.678821556985621,
              45.50560261542472
            ],
            [
              -8.678192736286737,
              45.50605177306678
            ]
          ]
        ]
      },
      "properties": {
        "region_id": 566483,
        "centroid_lon": -8.676286311628218,
        "centroid_lat": 45.505589307050144,
        "area_px": 54,
        "area_km2": 0.0151,
        "elongation_ratio": 12.534,
        "circularity": 0.281,
        "mean_probability": 0.6819,
        "max_probability": 0.879,
        "pixel_bbox": {
          "min_row": 9074,
          "min_col": 6572,
          "max_row": 9080,
          "max_col": 6601
        }
      }
    },
    {
      "type": "Feature",
      "geometry": {
        "type": "Polygon",
        "coordinates": [
          [
            [
              -8.63183966762617,
              45.50012289219159
            ],
            [
              -8.63318714055235,
              45.500212723720004
            ],
            [
              -8.633456635137586,
              45.50066188136206
            ],
            [
              -8.630671857756814,
              45.50039238677683
            ],
            [
              -8.63183966762617,
              45.50012289219159
            ]
          ]
        ]
      },
      "properties": {
        "region_id": 567778,
        "centroid_lon": -8.633007477495525,
        "centroid_lat": 45.500495777781225,
        "area_px": 53,
        "area_km2": 0.0148,
        "elongation_ratio": 9.975,
        "circularity": 0.336,
        "mean_probability": 0.7107,
        "max_probability": 0.8734,
        "pixel_bbox": {
          "min_row": 9103,
          "min_col": 6815,
          "max_row": 9108,
          "max_col": 6841
        }
      }
    },
    {
      "type": "Feature",
      "geometry": {
        "type": "Polygon",
        "coordinates": [
          [
            [
              -8.61063942692095,
              45.498326261623355
            ],
            [
              -8.61019026927889,
              45.497877103981295
            ],
            [
              -8.60929195399477,
              45.498056767038115
            ],
            [
              -8.609561448580006,
              45.49778727245288
            ],
            [
              -8.609022459409534,
              45.497607609396056
            ],
            [
              -8.611897068318717,
              45.4979669355097
            ],
            [
              -8.611447910676658,
              45.497877103981295
            ],
            [
              -8.611178416091422,
              45.498326261623355
            ],
            [
              -8.61063942692095,
              45.498326261623355
            ]
          ]
        ]
      },
      "properties": {
        "region_id": 568373,
        "centroid_lon": -8.609871621593202,
        "centroid_lat": 45.49778388258388,
        "area_px": 53,
        "area_km2": 0.0148,
        "elongation_ratio": 7.004,
        "circularity": 0.337,
        "mean_probability": 0.7,
        "max_probability": 0.8833,
        "pixel_bbox": {
          "min_row": 9117,
          "min_col": 6944,
          "max_row": 9123,
          "max_col": 6968
        }
      }
    },
    {
      "type": "Feature",
      "geometry": {
        "type": "Polygon",
        "coordinates": [
          [
            [
              -7.917319690637504,
              45.41316597268882
            ],
            [
              -7.918756995092094,
              45.41334563574564
            ],
            [
              -7.918307837450035,
              45.41379479338771
            ],
            [
              -7.91812817439321,
              45.413435467274056
            ],
            [
              -7.917589185222739,
              45.41379479338771
            ],
            [
              -7.9161518807681475,
              45.413435467274056
            ],
            [
              -7.917319690637504,
              45.41316597268882
            ]
          ]
        ]
      },
      "properties": {
        "region_id": 582699,
        "centroid_lon": -7.9183790246989645,
        "centroid_lat": 45.41353546840946,
        "area_px": 53,
        "area_km2": 0.0148,
        "elongation_ratio": 8.798,
        "circularity": 0.325,
        "mean_probability": 0.69,
        "max_probability": 0.8661,
        "pixel_bbox": {
          "min_row": 9586,
          "min_col": 10791,
          "max_row": 9592,
          "max_col": 10818
        }
      }
    },
    {
      "type": "Feature",
      "geometry": {
        "type": "Point",
        "coordinates": [
          -8.498660971696667,
          45.484495661306696
        ]
      },
      "properties": {
        "region_id": 571550,
        "centroid_lon": -8.498660971696667,
        "centroid_lat": 45.484495661306696,
        "area_px": 52,
        "area_km2": 0.0146,
        "elongation_ratio": 9.519,
        "circularity": 0.357,
        "mean_probability": 0.7116,
        "max_probability": 0.8796,
        "pixel_bbox": {
          "min_row": 9191,
          "min_col": 7563,
          "max_row": 9197,
          "max_col": 7587
        }
      }
    },
    {
      "type": "Feature",
      "geometry": {
        "type": "Polygon",
        "coordinates": [
          [
            [
              -8.665256996195417,
              45.50407547944172
            ],
            [
              -8.667772278990952,
              45.50443480555536
            ],
            [
              -8.666604469121596,
              45.50488396319742
            ],
            [
              -8.666424806064772,
              45.504524637083776
            ],
            [
              -8.664089186326061,
              45.50434497402696
            ],
            [
              -8.665256996195417,
              45.50407547944172
            ]
          ]
        ]
      },
      "properties": {
        "region_id": 566749,
        "centroid_lon": -8.666576828651316,
        "centroid_lat": 45.50445208084929,
        "area_px": 52,
        "area_km2": 0.0145,
        "elongation_ratio": 11.254,
        "circularity": 0.28,
        "mean_probability": 0.6816,
        "max_probability": 0.8381,
        "pixel_bbox": {
          "min_row": 9080,
          "min_col": 6626,
          "max_row": 9086,
          "max_col": 6655
        }
      }
    },
    {
      "type": "Feature",
      "geometry": {
        "type": "Polygon",
        "coordinates": [
          [
            [
              -7.869798812107581,
              45.40768624945569
            ],
            [
              -7.86656487708475,
              45.40732692334205
            ],
            [
              -7.866385214027926,
              45.406967597228395
            ],
            [
              -7.869798812107581,
              45.40768624945569
            ]
          ]
        ]
      },
      "properties": {
        "region_id": 583650,
        "centroid_lon": -7.868146616545808,
        "centroid_lat": 45.407265274253916,
        "area_px": 51,
        "area_km2": 0.0143,
        "elongation_ratio": 6.626,
        "circularity": 0.482,
        "mean_probability": 0.6958,
        "max_probability": 0.8983,
        "pixel_bbox": {
          "min_row": 9621,
          "min_col": 11075,
          "max_row": 9627,
          "max_col": 11095
        }
      }
    },
    {
      "type": "Feature",
      "geometry": {
        "type": "Polygon",
        "coordinates": [
          [
            [
              -6.703336415678382,
              45.25452349351332
            ],
            [
              -6.706750013758036,
              45.25506248268378
            ],
            [
              -6.705761866945505,
              45.25533197726902
            ],
            [
              -6.7039652363772655,
              45.25479298809855
            ],
            [
              -6.703246584149969,
              45.2551523142122
            ],
            [
              -6.703336415678382,
              45.25452349351332
            ]
          ]
        ]
      },
      "properties": {
        "region_id": 589396,
        "centroid_lon": -6.705402540831857,
        "centroid_lat": 45.255023731828395,
        "area_px": 51,
        "area_km2": 0.0143,
        "elongation_ratio": 11.908,
        "circularity": 0.275,
        "mean_probability": 0.6744,
        "max_probability": 0.8762,
        "pixel_bbox": {
          "min_row": 10469,
          "min_col": 17541,
          "max_row": 10475,
          "max_col": 17569
        }
      }
    },
    {
      "type": "Feature",
      "geometry": {
        "type": "Polygon",
        "coordinates": [
          [
            [
              -9.419841834855815,
              45.591032398944485
            ],
            [
              -9.418045204287576,
              45.59067307283084
            ],
            [
              -9.420290992497874,
              45.590583241302426
            ],
            [
              -9.42002149791264,
              45.591032398944485
            ],
            [
              -9.419841834855815,
              45.591032398944485
            ]
          ]
        ]
      },
      "properties": {
        "region_id": 544805,
        "centroid_lon": -9.418624705715958,
        "centroid_lat": 45.590655458805664,
        "area_px": 51,
        "area_km2": 0.0142,
        "elongation_ratio": 10.966,
        "circularity": 0.279,
        "mean_probability": 0.7143,
        "max_probability": 0.8697,
        "pixel_bbox": {
          "min_row": 8601,
          "min_col": 2440,
          "max_row": 8606,
          "max_col": 2467
        }
      }
    },
    {
      "type": "Feature",
      "geometry": {
        "type": "Point",
        "coordinates": [
          -9.339742055355158,
          45.58186253743639
        ]
      },
      "properties": {
        "region_id": 548009,
        "centroid_lon": -9.339742055355158,
        "centroid_lat": 45.58186253743639,
        "area_px": 51,
        "area_km2": 0.0142,
        "elongation_ratio": 10.032,
        "circularity": 0.327,
        "mean_probability": 0.6999,
        "max_probability": 0.8901,
        "pixel_bbox": {
          "min_row": 8650,
          "min_col": 2881,
          "max_row": 8655,
          "max_col": 2908
        }
      }
    },
    {
      "type": "Feature",
      "geometry": {
        "type": "Polygon",
        "coordinates": [
          [
            [
              -9.360912352217575,
              45.584564528898824
            ],
            [
              -9.358846227064099,
              45.58447469737042
            ],
            [
              -9.35839706942204,
              45.58384587667153
            ],
            [
              -9.360912352217575,
              45.584564528898824
            ]
          ]
        ]
      },
      "properties": {
        "region_id": 547130,
        "centroid_lon": -9.359708609736854,
        "centroid_lat": 45.584140524084724,
        "area_px": 50,
        "area_km2": 0.014,
        "elongation_ratio": 5.962,
        "circularity": 0.539,
        "mean_probability": 0.7364,
        "max_probability": 0.9099,
        "pixel_bbox": {
          "min_row": 8637,
          "min_col": 2772,
          "max_row": 8642,
          "max_col": 2792
        }
      }
    },
    {
      "type": "Feature",
      "geometry": {
        "type": "Polygon",
        "coordinates": [
          [
            [
              -6.708726307383099,
              45.25524214574061
            ],
            [
              -6.712678894633225,
              45.25578113491108
            ],
            [
              -6.711151758650222,
              45.256050629496315
            ],
            [
              -6.710972095593398,
              45.25569130338267
            ],
            [
              -6.710253443366103,
              45.255870966439495
            ],
            [
              -6.708456812797863,
              45.25533197726902
            ],
            [
              -6.708726307383099,
              45.25524214574061
            ]
          ]
        ]
      },
      "properties": {
        "region_id": 589393,
        "centroid_lon": -6.711223623872952,
        "centroid_lat": 45.25575238882199,
        "area_px": 50,
        "area_km2": 0.014,
        "elongation_ratio": 16.828,
        "circularity": 0.243,
        "mean_probability": 0.7205,
        "max_probability": 0.8636,
        "pixel_bbox": {
          "min_row": 10464,
          "min_col": 17506,
          "max_row": 10471,
          "max_col": 17540
        }
      }
    },
    {
      "type": "Feature",
      "geometry": {
        "type": "Polygon",
        "coordinates": [
          [
            [
              -6.647101878892499,
              45.24733697124036
            ],
            [
              -6.645305248324261,
              45.246797982069886
            ],
            [
              -6.648988340989151,
              45.247067476655126
            ],
            [
              -6.647101878892499,
              45.24733697124036
            ]
          ]
        ]
      },
      "properties": {
        "region_id": 589424,
        "centroid_lon": -6.646221529914063,
        "centroid_lat": 45.2468878135983,
        "area_px": 50,
        "area_km2": 0.014,
        "elongation_ratio": 14.44,
        "circularity": 0.299,
        "mean_probability": 0.7174,
        "max_probability": 0.8653,
        "pixel_bbox": {
          "min_row": 10514,
          "min_col": 17870,
          "max_row": 10520,
          "max_col": 17903
        }
      }
    },
    {
      "type": "Feature",
      "geometry": {
        "type": "Polygon",
        "coordinates": [
          [
            [
              -9.49547998177868,
              45.59947656261521
            ],
            [
              -9.492066383699024,
              45.59875791038792
            ],
            [
              -9.495749476363914,
              45.59902740497315
            ],
            [
              -9.49547998177868,
              45.59947656261521
            ]
          ]
        ]
      },
      "properties": {
        "region_id": 541873,
        "centroid_lon": -9.494022511062607,
        "centroid_lat": 45.59902190508365,
        "area_px": 49,
        "area_km2": 0.0137,
        "elongation_ratio": 7.755,
        "circularity": 0.439,
        "mean_probability": 0.7133,
        "max_probability": 0.8838,
        "pixel_bbox": {
          "min_row": 8554,
          "min_col": 2025,
          "max_row": 8560,
          "max_col": 2047
        }
      }
    },
    {
      "type": "Feature",
      "geometry": {
        "type": "Polygon",
        "coordinates": [
          [
            [
              -8.55458455319189,
              45.490960076293575
            ],
            [
              -8.555662531532835,
              45.491139739350395
            ],
            [
              -8.554135395549832,
              45.491409233935634
            ],
            [
              -8.553237080265713,
              45.49104990782198
            ],
            [
              -8.55458455319189,
              45.490960076293575
            ]
          ]
        ]
      },
      "properties": {
        "region_id": 569913,
        "centroid_lon": -8.555554367039441,
        "centroid_lat": 45.49130106944224,
        "area_px": 49,
        "area_km2": 0.0137,
        "elongation_ratio": 9.594,
        "circularity": 0.341,
        "mean_probability": 0.6825,
        "max_probability": 0.8733,
        "pixel_bbox": {
          "min_row": 9153,
          "min_col": 7247,
          "max_row": 9159,
          "max_col": 7272
        }
      }
    },
    {
      "type": "Feature",
      "geometry": {
        "type": "Polygon",
        "coordinates": [
          [
            [
              -7.7869741429117605,
              45.39690646604626
            ],
            [
              -7.785716501513994,
              45.39726579215991
            ],
            [
              -7.785536838457169,
              45.39690646604626
            ],
            [
              -7.783740207888931,
              45.396726802989434
            ],
            [
              -7.783560544832106,
              45.39708612910308
            ],
            [
              -7.783470713303695,
              45.3964573084042
            ],
            [
              -7.7869741429117605,
              45.39690646604626
            ]
          ]
        ]
      },
      "properties": {
        "region_id": 584930,
        "centroid_lon": -7.7851005138905975,
        "centroid_lat": 45.39679830155286,
        "area_px": 49,
        "area_km2": 0.0137,
        "elongation_ratio": 6.703,
        "circularity": 0.522,
        "mean_probability": 0.6905,
        "max_probability": 0.9024,
        "pixel_bbox": {
          "min_row": 9679,
          "min_col": 11536,
          "max_row": 9685,
          "max_col": 11558
        }
      }
    },
    {
      "type": "Feature",
      "geometry": {
        "type": "Point",
        "coordinates": [
          -7.759353697869832,
          45.39352036741408
        ]
      },
      "properties": {
        "region_id": 585261,
        "centroid_lon": -7.759353697869832,
        "centroid_lat": 45.39352036741408,
        "area_px": 49,
        "area_km2": 0.0137,
        "elongation_ratio": 9.681,
        "circularity": 0.347,
        "mean_probability": 0.702,
        "max_probability": 0.8559,
        "pixel_bbox": {
          "min_row": 9698,
          "min_col": 11677,
          "max_row": 9703,
          "max_col": 11702
        }
      }
    },
    {
      "type": "Feature",
      "geometry": {
        "type": "Polygon",
        "coordinates": [
          [
            [
              -7.79568780116772,
              45.39789461285879
            ],
            [
              -7.797125105622311,
              45.39807427591561
            ],
            [
              -7.795777632696132,
              45.39852343355767
            ],
            [
              -7.795597969639308,
              45.398164107444025
            ],
            [
              -7.795418306582484,
              45.39852343355767
            ],
            [
              -7.795058980468836,
              45.39834377050085
            ],
            [
              -7.79568780116772,
              45.39789461285879
            ]
          ]
        ]
      },
      "properties": {
        "region_id": 584794,
        "centroid_lon": -7.797050246015301,
        "centroid_lat": 45.39831008367769,
        "area_px": 48,
        "area_km2": 0.0135,
        "elongation_ratio": 8.3,
        "circularity": 0.302,
        "mean_probability": 0.6527,
        "max_probability": 0.8372,
        "pixel_bbox": {
          "min_row": 9672,
          "min_col": 11468,
          "max_row": 9677,
          "max_col": 11492
        }
      }
    },
    {
      "type": "Feature",
      "geometry": {
        "type": "Point",
        "coordinates": [
          -8.706860222791203,
          45.50919961954155
        ]
      },
      "properties": {
        "region_id": 565652,
        "centroid_lon": -8.706860222791203,
        "centroid_lat": 45.50919961954155,
        "area_px": 48,
        "area_km2": 0.0134,
        "elongation_ratio": 11.21,
        "circularity": 0.315,
        "mean_probability": 0.7022,
        "max_probability": 0.8829,
        "pixel_bbox": {
          "min_row": 9054,
          "min_col": 6404,
          "max_row": 9059,
          "max_col": 6429
        }
      }
    },
    {
      "type": "Feature",
      "geometry": {
        "type": "Polygon",
        "coordinates": [
          [
            [
              -7.220766019331226,
              45.32423275956099
            ],
            [
              -7.218430399592515,
              45.32369377039052
            ],
            [
              -7.221574503086934,
              45.32396326497575
            ],
            [
              -7.220766019331226,
              45.32423275956099
            ]
          ]
        ]
      },
      "properties": {
        "region_id": 588582,
        "centroid_lon": -7.21919683454769,
        "centroid_lat": 45.32379698108274,
        "area_px": 47,
        "area_km2": 0.0132,
        "elongation_ratio": 13.009,
        "circularity": 0.296,
        "mean_probability": 0.6794,
        "max_probability": 0.8413,
        "pixel_bbox": {
          "min_row": 10086,
          "min_col": 14683,
          "max_row": 10092,
          "max_col": 14710
        }
      }
    },
    {
      "type": "Feature",
      "geometry": {
        "type": "Polygon",
        "coordinates": [
          [
            [
              -7.10955458715723,
              45.30914106278778
            ],
            [
              -7.111530880782293,
              45.30950038890143
            ],
            [
              -7.110722397026585,
              45.309769883486666
            ],
            [
              -7.109464755628817,
              45.30941055737302
            ],
            [
              -7.10955458715723,
              45.30914106278778
            ]
          ]
        ]
      },
      "properties": {
        "region_id": 588963,
        "centroid_lon": -7.112152056244716,
        "centroid_lat": 45.30967622934002,
        "area_px": 47,
        "area_km2": 0.0132,
        "elongation_ratio": 15.14,
        "circularity": 0.278,
        "mean_probability": 0.6923,
        "max_probability": 0.8584,
        "pixel_bbox": {
          "min_row": 10164,
          "min_col": 15279,
          "max_row": 10171,
          "max_col": 15308
        }
      }
    },
    {
      "type": "Feature",
      "geometry": {
        "type": "Polygon",
        "coordinates": [
          [
            [
              -7.079640688196049,
              45.30527830706607
            ],
            [
              -7.0791016990255775,
              45.30581729623654
            ],
            [
              -7.078203383741458,
              45.30509864400924
            ],
            [
              -7.077574563042575,
              45.30536813859448
            ],
            [
              -7.077844057627811,
              45.305637633179714
            ],
            [
              -7.077215236928927,
              45.305188475537655
            ],
            [
              -7.079640688196049,
              45.30509864400924
            ],
            [
              -7.079640688196049,
              45.30527830706607
            ]
          ]
        ]
      },
      "properties": {
        "region_id": 589074,
        "centroid_lon": -7.077703451757253,
        "centroid_lat": 45.30516894694452,
        "area_px": 46,
        "area_km2": 0.0129,
        "elongation_ratio": 6.277,
        "circularity": 0.36,
        "mean_probability": 0.6905,
        "max_probability": 0.9061,
        "pixel_bbox": {
          "min_row": 10188,
          "min_col": 15473,
          "max_row": 10196,
          "max_col": 15497
        }
      }
    },
    {
      "type": "Feature",
      "geometry": {
        "type": "Polygon",
        "coordinates": [
          [
            [
              -9.488922280204607,
              46.86726892309309
            ],
            [
              -9.488383291034134,
              46.8696045428318
            ],
            [
              -9.488113796448898,
              46.868975722132916
            ],
            [
              -9.48865278561937,
              46.86699942850785
            ],
            [
              -9.488922280204607,
              46.86726892309309
            ]
          ]
        ]
      },
      "properties": {
        "region_id": 29631,
        "centroid_lon": -9.488324705254735,
        "centroid_lat": 46.86910070512897,
        "area_px": 46,
        "area_km2": 0.0126,
        "elongation_ratio": 13.128,
        "circularity": 0.269,
        "mean_probability": 0.6467,
        "max_probability": 0.8623,
        "pixel_bbox": {
          "min_row": 1473,
          "min_col": 2063,
          "max_row": 1500,
          "max_col": 2071
        }
      }
    },
    {
      "type": "Feature",
      "geometry": {
        "type": "Polygon",
        "coordinates": [
          [
            [
              -8.672084192354726,
              45.50533312083949
            ],
            [
              -8.671006214013781,
              45.50515345778266
            ],
            [
              -8.673072339167257,
              45.50506362625425
            ],
            [
              -8.672084192354726,
              45.50533312083949
            ]
          ]
        ]
      },
      "properties": {
        "region_id": 566652,
        "centroid_lon": -8.67128768613614,
        "centroid_lat": 45.505045659948564,
        "area_px": 45,
        "area_km2": 0.0126,
        "elongation_ratio": 7.618,
        "circularity": 0.402,
        "mean_probability": 0.6913,
        "max_probability": 0.8751,
        "pixel_bbox": {
          "min_row": 9078,
          "min_col": 6604,
          "max_row": 9082,
          "max_col": 6625
        }
      }
    },
    {
      "type": "Feature",
      "geometry": {
        "type": "Polygon",
        "coordinates": [
          [
            [
              -6.675847967984325,
              45.251289558490484
            ],
            [
              -6.673512348245614,
              45.25075056932001
            ],
            [
              -6.674320832001321,
              45.25048107473478
            ],
            [
              -6.675578473399089,
              45.2506607377916
            ],
            [
              -6.675578473399089,
              45.25102006390525
            ],
            [
              -6.676297125626384,
              45.250840400848425
            ],
            [
              -6.675847967984325,
              45.251289558490484
            ]
          ]
        ]
      },
      "properties": {
        "region_id": 589416,
        "centroid_lon": -6.674529077817185,
        "centroid_lat": 45.25079548508422,
        "area_px": 44,
        "area_km2": 0.0124,
        "elongation_ratio": 9.278,
        "circularity": 0.369,
        "mean_probability": 0.702,
        "max_probability": 0.8954,
        "pixel_bbox": {
          "min_row": 10492,
          "min_col": 17718,
          "max_row": 10498,
          "max_col": 17741
        }
      }
    },
    {
      "type": "Feature",
      "geometry": {
        "type": "Polygon",
        "coordinates": [
          [
            [
              -6.655096884921163,
              45.247965791939244
            ],
            [
              -6.656983347017814,
              45.248235286524476
            ],
            [
              -6.656354526318931,
              45.248684444166535
            ],
            [
              -6.655096884921163,
              45.247965791939244
            ]
          ]
        ]
      },
      "properties": {
        "region_id": 589421,
        "centroid_lon": -6.656636270658041,
        "centroid_lat": 45.248345534309344,
        "area_px": 44,
        "area_km2": 0.0124,
        "elongation_ratio": 10.895,
        "circularity": 0.269,
        "mean_probability": 0.6603,
        "max_probability": 0.8703,
        "pixel_bbox": {
          "min_row": 10506,
          "min_col": 17814,
          "max_row": 10512,
          "max_col": 17841
        }
      }
    },
    {
      "type": "Feature",
      "geometry": {
        "type": "Polygon",
        "coordinates": [
          [
            [
              -9.54389917559272,
              45.60459695973469
            ],
            [
              -9.54569580616096,
              45.604417296677866
            ],
            [
              -9.547133110615551,
              45.60459695973469
            ],
            [
              -9.547312773672376,
              45.60495628584834
            ],
            [
              -9.54389917559272,
              45.60459695973469
            ]
          ]
        ]
      },
      "properties": {
        "region_id": 539991,
        "centroid_lon": -9.545581475124798,
        "centroid_lat": 45.60471537402214,
        "area_px": 44,
        "area_km2": 0.0123,
        "elongation_ratio": 7.229,
        "circularity": 0.539,
        "mean_probability": 0.7393,
        "max_probability": 0.9171,
        "pixel_bbox": {
          "min_row": 8523,
          "min_col": 1738,
          "max_row": 8528,
          "max_col": 1758
        }
      }
    },
    {
      "type": "Feature",
      "geometry": {
        "type": "Polygon",
        "coordinates": [
          [
            [
              -9.47392041495981,
              45.5971409428765
            ],
            [
              -9.473471257317751,
              45.59669178523444
            ],
            [
              -9.472932268147279,
              45.59705111134809
            ],
            [
              -9.472303447448395,
              45.596781616762854
            ],
            [
              -9.47526788788599,
              45.59669178523444
            ],
            [
              -9.47392041495981,
              45.5971409428765
            ]
          ]
        ]
      },
      "properties": {
        "region_id": 542693,
        "centroid_lon": -9.473516173081956,
        "centroid_lat": 45.596789783265436,
        "area_px": 44,
        "area_km2": 0.0123,
        "elongation_ratio": 6.605,
        "circularity": 0.365,
        "mean_probability": 0.6804,
        "max_probability": 0.8691,
        "pixel_bbox": {
          "min_row": 8567,
          "min_col": 2139,
          "max_row": 8572,
          "max_col": 2160
        }
      }
    },
    {
      "type": "Feature",
      "geometry": {
        "type": "Polygon",
        "coordinates": [
          [
            [
              -8.576503446124407,
              45.4941940113164
            ],
            [
              -8.576054288482348,
              45.49374485367434
            ],
            [
              -8.57425765791411,
              45.49374485367434
            ],
            [
              -8.576503446124407,
              45.4941940113164
            ]
          ]
        ]
      },
      "properties": {
        "region_id": 569358,
        "centroid_lon": -8.575923624441021,
        "centroid_lat": 45.49374485367434,
        "area_px": 44,
        "area_km2": 0.0123,
        "elongation_ratio": 6.566,
        "circularity": 0.388,
        "mean_probability": 0.7065,
        "max_probability": 0.8894,
        "pixel_bbox": {
          "min_row": 9140,
          "min_col": 7135,
          "max_row": 9145,
          "max_col": 7155
        }
      }
    },
    {
      "type": "Feature",
      "geometry": {
        "type": "Polygon",
        "coordinates": [
          [
            [
              -7.158153444028096,
              45.315878427418674
            ],
            [
              -7.154290688306382,
              45.315249606719796
            ],
            [
              -7.158153444028096,
              45.31551910130503
            ],
            [
              -7.158153444028096,
              45.315878427418674
            ]
          ]
        ]
      },
      "properties": {
        "region_id": 588824,
        "centroid_lon": -7.156193863245528,
        "centroid_lat": 45.31551701219972,
        "area_px": 43,
        "area_km2": 0.0121,
        "elongation_ratio": 9.656,
        "circularity": 0.339,
        "mean_probability": 0.6724,
        "max_probability": 0.8544,
        "pixel_bbox": {
          "min_row": 10132,
          "min_col": 15036,
          "max_row": 10138,
          "max_col": 15060
        }
      }
    },
    {
      "type": "Feature",
      "geometry": {
        "type": "Point",
        "coordinates": [
          -9.507377436529982,
          45.60048351137555
        ]
      },
      "properties": {
        "region_id": 541395,
        "centroid_lon": -9.507377436529982,
        "centroid_lat": 45.60048351137555,
        "area_px": 43,
        "area_km2": 0.012,
        "elongation_ratio": 8.457,
        "circularity": 0.394,
        "mean_probability": 0.7432,
        "max_probability": 0.905,
        "pixel_bbox": {
          "min_row": 8547,
          "min_col": 1951,
          "max_row": 8551,
          "max_col": 1971
        }
      }
    },
    {
      "type": "Feature",
      "geometry": {
        "type": "Polygon",
        "coordinates": [
          [
            [
              -8.72292883743589,
              45.511441664771496
            ],
            [
              -8.721222038396062,
              45.51081284407261
            ],
            [
              -8.720323723111944,
              45.51117217018626
            ],
            [
              -8.719784733941472,
              45.51063318101579
            ],
            [
              -8.72292883743589,
              45.511441664771496
            ]
          ]
        ]
      },
      "properties": {
        "region_id": 565222,
        "centroid_lon": -8.721506156718482,
        "centroid_lat": 45.51093192307539,
        "area_px": 43,
        "area_km2": 0.012,
        "elongation_ratio": 7.414,
        "circularity": 0.407,
        "mean_probability": 0.6966,
        "max_probability": 0.8509,
        "pixel_bbox": {
          "min_row": 9044,
          "min_col": 6325,
          "max_row": 9050,
          "max_col": 6345
        }
      }
    },
    {
      "type": "Feature",
      "geometry": {
        "type": "Point",
        "coordinates": [
          -8.579771602681872,
          45.49415551208994
        ]
      },
      "properties": {
        "region_id": 569265,
        "centroid_lon": -8.579771602681872,
        "centroid_lat": 45.49415551208994,
        "area_px": 42,
        "area_km2": 0.0118,
        "elongation_ratio": 7.845,
        "circularity": 0.414,
        "mean_probability": 0.6853,
        "max_probability": 0.8611,
        "pixel_bbox": {
          "min_row": 9138,
          "min_col": 7114,
          "max_row": 9143,
          "max_col": 7134
        }
      }
    },
    {
      "type": "Feature",
      "geometry": {
        "type": "Polygon",
        "coordinates": [
          [
            [
              -7.8713259480905835,
              45.407416754870454
            ],
            [
              -7.872763252545175,
              45.40759641792728
            ],
            [
              -7.872493757959939,
              45.40804557556934
            ],
            [
              -7.8706971273917,
              45.40804557556934
            ],
            [
              -7.8713259480905835,
              45.407416754870454
            ]
          ]
        ]
      },
      "properties": {
        "region_id": 583591,
        "centroid_lon": -7.872065988777025,
        "centroid_lat": 45.407737581757644,
        "area_px": 42,
        "area_km2": 0.0118,
        "elongation_ratio": 6.967,
        "circularity": 0.439,
        "mean_probability": 0.7052,
        "max_probability": 0.8743,
        "pixel_bbox": {
          "min_row": 9619,
          "min_col": 11053,
          "max_row": 9624,
          "max_col": 11071
        }
      }
    },
    {
      "type": "Feature",
      "geometry": {
        "type": "Polygon",
        "coordinates": [
          [
            [
              -7.202440387535188,
              45.321897139822276
            ],
            [
              -7.2011827461374205,
              45.32153781370863
            ],
            [
              -7.201811566836304,
              45.3212683191234
            ],
            [
              -7.20342853434772,
              45.321627645237044
            ],
            [
              -7.202440387535188,
              45.321897139822276
            ]
          ]
        ]
      },
      "properties": {
        "region_id": 588650,
        "centroid_lon": -7.201773067609842,
        "centroid_lat": 45.3215335360168,
        "area_px": 42,
        "area_km2": 0.0118,
        "elongation_ratio": 9.712,
        "circularity": 0.379,
        "mean_probability": 0.6944,
        "max_probability": 0.8906,
        "pixel_bbox": {
          "min_row": 10099,
          "min_col": 14784,
          "max_row": 10104,
          "max_col": 14805
        }
      }
    },
    {
      "type": "Feature",
      "geometry": {
        "type": "Polygon",
        "coordinates": [
          [
            [
              -7.066615116576316,
              45.303751171083064
            ],
            [
              -7.064818486008077,
              45.30357150802624
            ],
            [
              -7.067154105746788,
              45.30357150802624
            ],
            [
              -7.06679477963314,
              45.303751171083064
            ],
            [
              -7.066615116576316,
              45.303751171083064
            ]
          ]
        ]
      },
      "properties": {
        "region_id": 589119,
        "centroid_lon": -7.065117924436117,
        "centroid_lat": 45.30340040035308,
        "area_px": 42,
        "area_km2": 0.0118,
        "elongation_ratio": 13.447,
        "circularity": 0.279,
        "mean_probability": 0.7189,
        "max_probability": 0.861,
        "pixel_bbox": {
          "min_row": 10200,
          "min_col": 15540,
          "max_row": 10205,
          "max_col": 15567
        }
      }
    },
    {
      "type": "Feature",
      "geometry": {
        "type": "Polygon",
        "coordinates": [
          [
            [
              -6.719865416906181,
              45.25721843936567
            ],
            [
              -6.718338280923177,
              45.25712860783726
            ],
            [
              -6.717439965639058,
              45.25658961866679
            ],
            [
              -6.719865416906181,
              45.25721843936567
            ]
          ]
        ]
      },
      "properties": {
        "region_id": 589390,
        "centroid_lon": -6.719356371578513,
        "centroid_lat": 45.25689333478666,
        "area_px": 42,
        "area_km2": 0.0118,
        "elongation_ratio": 8.24,
        "circularity": 0.424,
        "mean_probability": 0.6794,
        "max_probability": 0.8267,
        "pixel_bbox": {
          "min_row": 10459,
          "min_col": 17468,
          "max_row": 10464,
          "max_col": 17490
        }
      }
    },
    {
      "type": "Feature",
      "geometry": {
        "type": "Polygon",
        "coordinates": [
          [
            [
              -6.6526714336540405,
              45.24805562346766
            ],
            [
              -6.6515934553130975,
              45.247696297354004
            ],
            [
              -6.652042612955157,
              45.24742680276877
            ],
            [
              -6.653749411994984,
              45.24787596041083
            ],
            [
              -6.653210422824513,
              45.24805562346766
            ],
            [
              -6.6526714336540405,
              45.24805562346766
            ]
          ]
        ]
      },
      "properties": {
        "region_id": 589422,
        "centroid_lon": -6.652064001414303,
        "centroid_lat": 45.24773051888864,
        "area_px": 42,
        "area_km2": 0.0118,
        "elongation_ratio": 7.809,
        "circularity": 0.406,
        "mean_probability": 0.6939,
        "max_probability": 0.8767,
        "pixel_bbox": {
          "min_row": 10510,
          "min_col": 17842,
          "max_row": 10515,
          "max_col": 17864
        }
      }
    },
    {
      "type": "Feature",
      "geometry": {
        "type": "Polygon",
        "coordinates": [
          [
            [
              -9.475896708584873,
              45.596781616762854
            ],
            [
              -9.477513676096288,
              45.59696127981967
            ],
            [
              -9.476884855397405,
              45.59741043746173
            ],
            [
              -9.475627213999637,
              45.59705111134809
            ],
            [
              -9.475896708584873,
              45.596781616762854
            ]
          ]
        ]
      },
      "properties": {
        "region_id": 542512,
        "centroid_lon": -9.477398178416902,
        "centroid_lat": 45.59718371979479,
        "area_px": 42,
        "area_km2": 0.0117,
        "elongation_ratio": 6.646,
        "circularity": 0.338,
        "mean_probability": 0.7281,
        "max_probability": 0.8948,
        "pixel_bbox": {
          "min_row": 8564,
          "min_col": 2116,
          "max_row": 8570,
          "max_col": 2138
        }
      }
    },
    {
      "type": "Feature",
      "geometry": {
        "type": "Polygon",
        "coordinates": [
          [
            [
              -9.268116383368028,
              45.57369491396098
            ],
            [
              -9.271080823805622,
              45.57414407160304
            ],
            [
              -9.269194361708971,
              45.57423390313145
            ],
            [
              -9.268835035595323,
              45.573874577017804
            ],
            [
              -9.268475709481676,
              45.57423390313145
            ],
            [
              -9.268116383368028,
              45.57369491396098
            ]
          ]
        ]
      },
      "properties": {
        "region_id": 550898,
        "centroid_lon": -9.268989032501173,
        "centroid_lat": 45.57389168778512,
        "area_px": 42,
        "area_km2": 0.0117,
        "elongation_ratio": 9.941,
        "circularity": 0.353,
        "mean_probability": 0.6163,
        "max_probability": 0.7219,
        "pixel_bbox": {
          "min_row": 8694,
          "min_col": 3275,
          "max_row": 8699,
          "max_col": 3300
        }
      }
    },
    {
      "type": "Feature",
      "geometry": {
        "type": "Point",
        "coordinates": [
          -9.576948622664661,
          46.475492239229425
        ]
      },
      "properties": {
        "region_id": 196733,
        "centroid_lon": -9.576948622664661,
        "centroid_lat": 46.475492239229425,
        "area_px": 42,
        "area_km2": 0.0115,
        "elongation_ratio": 9.228,
        "circularity": 0.405,
        "mean_probability": 0.615,
        "max_probability": 0.7973,
        "pixel_bbox": {
          "min_row": 3668,
          "min_col": 1570,
          "max_row": 3689,
          "max_col": 1577
        }
      }
    },
    {
      "type": "Feature",
      "geometry": {
        "type": "Polygon",
        "coordinates": [
          [
            [
              -7.2389119880704405,
              45.326209053186055
            ],
            [
              -7.240528955581856,
              45.3265683792997
            ],
            [
              -7.2382831673715575,
              45.32647854777129
            ],
            [
              -7.2389119880704405,
              45.326209053186055
            ]
          ]
        ]
      },
      "properties": {
        "region_id": 588502,
        "centroid_lon": -7.24007541591402,
        "centroid_lat": 45.32656399727392,
        "area_px": 41,
        "area_km2": 0.0115,
        "elongation_ratio": 8.704,
        "circularity": 0.401,
        "mean_probability": 0.7044,
        "max_probability": 0.8746,
        "pixel_bbox": {
          "min_row": 10071,
          "min_col": 14570,
          "max_row": 10076,
          "max_col": 14591
        }
      }
    },
    {
      "type": "Feature",
      "geometry": {
        "type": "Polygon",
        "coordinates": [
          [
            [
              -7.117819087771129,
              45.3107580302992
            ],
            [
              -7.117369930129069,
              45.31030887265714
            ],
            [
              -7.115932625674478,
              45.31048853571396
            ],
            [
              -7.114944478861947,
              45.3100393780719
            ],
            [
              -7.118986897640484,
              45.31048853571396
            ],
            [
              -7.117819087771129,
              45.3107580302992
            ]
          ]
        ]
      },
      "properties": {
        "region_id": 588948,
        "centroid_lon": -7.116984311860764,
        "centroid_lat": 45.3103154456958,
        "area_px": 41,
        "area_km2": 0.0115,
        "elongation_ratio": 9.407,
        "circularity": 0.455,
        "mean_probability": 0.7108,
        "max_probability": 0.8919,
        "pixel_bbox": {
          "min_row": 10161,
          "min_col": 15254,
          "max_row": 10167,
          "max_col": 15278
        }
      }
    },
    {
      "type": "Feature",
      "geometry": {
        "type": "Polygon",
        "coordinates": [
          [
            [
              -7.075059280247039,
              45.30500881248083
            ],
            [
              -7.07371180732086,
              45.30491898095242
            ],
            [
              -7.07371180732086,
              45.30455965483877
            ],
            [
              -7.0715558506389735,
              45.30455965483877
            ],
            [
              -7.075059280247039,
              45.30500881248083
            ]
          ]
        ]
      },
      "properties": {
        "region_id": 589091,
        "centroid_lon": -7.073308660949451,
        "centroid_lat": 45.30454431774856,
        "area_px": 41,
        "area_km2": 0.0115,
        "elongation_ratio": 8.031,
        "circularity": 0.483,
        "mean_probability": 0.6893,
        "max_probability": 0.8438,
        "pixel_bbox": {
          "min_row": 10193,
          "min_col": 15498,
          "max_row": 10198,
          "max_col": 15519
        }
      }
    },
    {
      "type": "Feature",
      "geometry": {
        "type": "Polygon",
        "coordinates": [
          [
            [
              -7.921631604001277,
              45.413704961859295
            ],
            [
              -7.923428234569516,
              45.41406428797294
            ],
            [
              -7.921362109416041,
              45.414154119501355
            ],
            [
              -7.921631604001277,
              45.413704961859295
            ]
          ]
        ]
      },
      "properties": {
        "region_id": 582616,
        "centroid_lon": -7.92300602638598,
        "centroid_lat": 45.414086745855045,
        "area_px": 40,
        "area_km2": 0.0112,
        "elongation_ratio": 7.942,
        "circularity": 0.432,
        "mean_probability": 0.6958,
        "max_probability": 0.92,
        "pixel_bbox": {
          "min_row": 9583,
          "min_col": 10769,
          "max_row": 9589,
          "max_col": 10789
        }
      }
    },
    {
      "type": "Feature",
      "geometry": {
        "type": "Polygon",
        "coordinates": [
          [
            [
              -7.904922939716654,
              45.412267657404705
            ],
            [
              -7.902946646091591,
              45.411549005177406
            ],
            [
              -7.905372097358714,
              45.41163883670582
            ],
            [
              -7.904922939716654,
              45.412267657404705
            ]
          ]
        ]
      },
      "properties": {
        "region_id": 582980,
        "centroid_lon": -7.903741655118036,
        "centroid_lat": 45.41167926089361,
        "area_px": 40,
        "area_km2": 0.0112,
        "elongation_ratio": 8.392,
        "circularity": 0.382,
        "mean_probability": 0.6812,
        "max_probability": 0.8667,
        "pixel_bbox": {
          "min_row": 9596,
          "min_col": 10877,
          "max_row": 9602,
          "max_col": 10898
        }
      }
    },
    {
      "type": "Feature",
      "geometry": {
        "type": "Polygon",
        "coordinates": [
          [
            [
              -8.68196566048004,
              45.50605177306678
            ],
            [
              -8.683223301877806,
              45.506231436123606
            ],
            [
              -8.682504649650511,
              45.50659076223725
            ],
            [
              -8.68196566048004,
              45.50605177306678
            ]
          ]
        ]
      },
      "properties": {
        "region_id": 566360,
        "centroid_lon": -8.682119986439107,
        "centroid_lat": 45.506318964279494,
        "area_px": 39,
        "area_km2": 0.0109,
        "elongation_ratio": 7.038,
        "circularity": 0.407,
        "mean_probability": 0.6944,
        "max_probability": 0.8943,
        "pixel_bbox": {
          "min_row": 9071,
          "min_col": 6544,
          "max_row": 9075,
          "max_col": 6564
        }
      }
    },
    {
      "type": "Feature",
      "geometry": {
        "type": "Point",
        "coordinates": [
          -8.64264939487841,
          45.501629297821886
        ]
      },
      "properties": {
        "region_id": 567517,
        "centroid_lon": -8.64264939487841,
        "centroid_lat": 45.501629297821886,
        "area_px": 39,
        "area_km2": 0.0109,
        "elongation_ratio": 7.409,
        "circularity": 0.443,
        "mean_probability": 0.7164,
        "max_probability": 0.8948,
        "pixel_bbox": {
          "min_row": 9097,
          "min_col": 6764,
          "max_row": 9101,
          "max_col": 6782
        }
      }
    },
    {
      "type": "Feature",
      "geometry": {
        "type": "Polygon",
        "coordinates": [
          [
            [
              -7.812755791565991,
              45.400050569540674
            ],
            [
              -7.815091411304701,
              45.40058955871115
            ],
            [
              -7.81455242213423,
              45.4009488848248
            ],
            [
              -7.812755791565991,
              45.400050569540674
            ]
          ]
        ]
      },
      "properties": {
        "region_id": 584526,
        "centroid_lon": -7.8137946125740365,
        "centroid_lat": 45.40042371588947,
        "area_px": 39,
        "area_km2": 0.0109,
        "elongation_ratio": 5.536,
        "circularity": 0.447,
        "mean_probability": 0.6917,
        "max_probability": 0.8799,
        "pixel_bbox": {
          "min_row": 9659,
          "min_col": 11378,
          "max_row": 9665,
          "max_col": 11396
        }
      }
    },
    {
      "type": "Feature",
      "geometry": {
        "type": "Polygon",
        "coordinates": [
          [
            [
              -8.518472278770286,
              45.4866481629298
            ],
            [
              -8.521167224622646,
              45.48700748904345
            ],
            [
              -8.520718066980585,
              45.48745664668551
            ],
            [
              -8.517843458071404,
              45.486917657515036
            ],
            [
              -8.518472278770286,
              45.4866481629298
            ]
          ]
        ]
      },
      "properties": {
        "region_id": 570952,
        "centroid_lon": -8.51955754074867,
        "centroid_lat": 45.48699777752686,
        "area_px": 37,
        "area_km2": 0.0104,
        "elongation_ratio": 8.201,
        "circularity": 0.419,
        "mean_probability": 0.6899,
        "max_probability": 0.8382,
        "pixel_bbox": {
          "min_row": 9177,
          "min_col": 7448,
          "max_row": 9183,
          "max_col": 7469
        }
      }
    },
    {
      "type": "Feature",
      "geometry": {
        "type": "Polygon",
        "coordinates": [
          [
            [
              -9.303240510977101,
              45.5775576696827
            ],
            [
              -9.302881184863454,
              45.57773733273952
            ],
            [
              -9.304228657789633,
              45.5776475012111
            ],
            [
              -9.304857478488517,
              45.57827632190999
            ],
            [
              -9.303240510977101,
              45.5775576696827
            ]
          ]
        ]
      },
      "properties": {
        "region_id": 549490,
        "centroid_lon": -9.303607120728188,
        "centroid_lat": 45.57786358245512,
        "area_px": 37,
        "area_km2": 0.0103,
        "elongation_ratio": 4.611,
        "circularity": 0.424,
        "mean_probability": 0.7634,
        "max_probability": 0.9464,
        "pixel_bbox": {
          "min_row": 8672,
          "min_col": 3087,
          "max_row": 8677,
          "max_col": 3103
        }
      }
    },
    {
      "type": "Feature",
      "geometry": {
        "type": "Polygon",
        "coordinates": [
          [
            [
              -9.452630342726177,
              47.02734870672319
            ],
            [
              -9.452091353555705,
              47.02932500034825
            ],
            [
              -9.45182185897047,
              47.02869617964937
            ],
            [
              -9.452540511197766,
              47.027079212137956
            ],
            [
              -9.452630342726177,
              47.02734870672319
            ]
          ]
        ]
      },
      "properties": {
        "region_id": 1264,
        "centroid_lon": -9.452105920830583,
        "centroid_lat": 47.02883214088156,
        "area_px": 37,
        "area_km2": 0.0101,
        "elongation_ratio": 10.28,
        "circularity": 0.345,
        "mean_probability": 0.6289,
        "max_probability": 0.7935,
        "pixel_bbox": {
          "min_row": 588,
          "min_col": 2265,
          "max_row": 609,
          "max_col": 2271
        }
      }
    },
    {
      "type": "Feature",
      "geometry": {
        "type": "Point",
        "coordinates": [
          -7.822242999094387,
          45.40141301438826
        ]
      },
      "properties": {
        "region_id": 584459,
        "centroid_lon": -7.822242999094387,
        "centroid_lat": 45.40141301438826,
        "area_px": 36,
        "area_km2": 0.0101,
        "elongation_ratio": 8.58,
        "circularity": 0.44,
        "mean_probability": 0.717,
        "max_probability": 0.8999,
        "pixel_bbox": {
          "min_row": 9655,
          "min_col": 11329,
          "max_row": 9659,
          "max_col": 11350
        }
      }
    },
    {
      "type": "Feature",
      "geometry": {
        "type": "Polygon",
        "coordinates": [
          [
            [
              -7.7714332884964925,
              45.394840340892785
            ],
            [
              -7.772780761422672,
              45.3949301724212
            ],
            [
              -7.7732299190647325,
              45.39537933006326
            ],
            [
              -7.771073962382845,
              45.394840340892785
            ],
            [
              -7.7714332884964925,
              45.394840340892785
            ]
          ]
        ]
      },
      "properties": {
        "region_id": 585079,
        "centroid_lon": -7.772621060927717,
        "centroid_lat": 45.3951896857255,
        "area_px": 36,
        "area_km2": 0.0101,
        "elongation_ratio": 8.347,
        "circularity": 0.38,
        "mean_probability": 0.6882,
        "max_probability": 0.8571,
        "pixel_bbox": {
          "min_row": 9688,
          "min_col": 11606,
          "max_row": 9694,
          "max_col": 11629
        }
      }
    },
    {
      "type": "Feature",
      "geometry": {
        "type": "Point",
        "coordinates": [
          -7.141414835900669,
          45.31355777960137
        ]
      },
      "properties": {
        "region_id": 588882,
        "centroid_lon": -7.141414835900669,
        "centroid_lat": 45.31355777960137,
        "area_px": 36,
        "area_km2": 0.0101,
        "elongation_ratio": 8.52,
        "circularity": 0.452,
        "mean_probability": 0.7053,
        "max_probability": 0.8678,
        "pixel_bbox": {
          "min_row": 10144,
          "min_col": 15120,
          "max_row": 10148,
          "max_col": 15138
        }
      }
    },
    {
      "type": "Feature",
      "geometry": {
        "type": "Polygon",
        "coordinates": [
          [
            [
              -7.0351740816321335,
              45.299259594662466
            ],
            [
              -7.0362520599730765,
              45.29943925771929
            ],
            [
              -7.035263913160545,
              45.299708752304525
            ],
            [
              -7.03409610329119,
              45.299259594662466
            ],
            [
              -7.0351740816321335,
              45.299259594662466
            ]
          ]
        ]
      },
      "properties": {
        "region_id": 589192,
        "centroid_lon": -7.035987556028308,
        "centroid_lat": 45.299574005011905,
        "area_px": 36,
        "area_km2": 0.0101,
        "elongation_ratio": 8.198,
        "circularity": 0.391,
        "mean_probability": 0.6928,
        "max_probability": 0.8755,
        "pixel_bbox": {
          "min_row": 10221,
          "min_col": 15707,
          "max_row": 10226,
          "max_col": 15728
        }
      }
    },
    {
      "type": "Feature",
      "geometry": {
        "type": "Point",
        "coordinates": [
          -8.516159758567454,
          45.48659169739766
        ]
      },
      "properties": {
        "region_id": 571084,
        "centroid_lon": -8.516159758567454,
        "centroid_lat": 45.48659169739766,
        "area_px": 35,
        "area_km2": 0.0098,
        "elongation_ratio": 5.257,
        "circularity": 0.461,
        "mean_probability": 0.697,
        "max_probability": 0.8543,
        "pixel_bbox": {
          "min_row": 9180,
          "min_col": 7470,
          "max_row": 9185,
          "max_col": 7486
        }
      }
    },
    {
      "type": "Feature",
      "geometry": {
        "type": "Polygon",
        "coordinates": [
          [
            [
              -7.198487800285061,
              45.321358150651804
            ],
            [
              -7.197050495830471,
              45.32081916148134
            ],
            [
              -7.199475947097594,
              45.32108865606657
            ],
            [
              -7.198487800285061,
              45.321358150651804
            ]
          ]
        ]
      },
      "properties": {
        "region_id": 588659,
        "centroid_lon": -7.1978435798955935,
        "centroid_lat": 45.32099369130796,
        "area_px": 35,
        "area_km2": 0.0098,
        "elongation_ratio": 8.483,
        "circularity": 0.345,
        "mean_probability": 0.7038,
        "max_probability": 0.8745,
        "pixel_bbox": {
          "min_row": 10102,
          "min_col": 14806,
          "max_row": 10107,
          "max_col": 14826
        }
      }
    },
    {
      "type": "Feature",
      "geometry": {
        "type": "Polygon",
        "coordinates": [
          [
            [
              -8.748261328448061,
              45.51431627368068
            ],
            [
              -8.747722339277589,
              45.51413661062386
            ],
            [
              -8.749249475260592,
              45.514046779095445
            ],
            [
              -8.748261328448061,
              45.51431627368068
            ]
          ]
        ]
      },
      "properties": {
        "region_id": 564523,
        "centroid_lon": -8.74768006561716,
        "centroid_lat": 45.513993937019904,
        "area_px": 34,
        "area_km2": 0.0095,
        "elongation_ratio": 8.764,
        "circularity": 0.443,
        "mean_probability": 0.6905,
        "max_probability": 0.8616,
        "pixel_bbox": {
          "min_row": 9028,
          "min_col": 6180,
          "max_row": 9032,
          "max_col": 6200
        }
      }
    },
    {
      "type": "Feature",
      "geometry": {
        "type": "Polygon",
        "coordinates": [
          [
            [
              -8.4915228202467,
              45.48395321707744
            ],
            [
              -8.489726189678462,
              45.48359389096379
            ],
            [
              -8.491792314831937,
              45.48350405943538
            ],
            [
              -8.4915228202467,
              45.48395321707744
            ]
          ]
        ]
      },
      "properties": {
        "region_id": 571806,
        "centroid_lon": -8.49040256824533,
        "centroid_lat": 45.483525196265596,
        "area_px": 34,
        "area_km2": 0.0095,
        "elongation_ratio": 7.276,
        "circularity": 0.471,
        "mean_probability": 0.7004,
        "max_probability": 0.8595,
        "pixel_bbox": {
          "min_row": 9197,
          "min_col": 7613,
          "max_row": 9202,
          "max_col": 7630
        }
      }
    },
    {
      "type": "Feature",
      "geometry": {
        "type": "Polygon",
        "coordinates": [
          [
            [
              -7.90061102635288,
              45.411549005177406
            ],
            [
              -7.900072037182408,
              45.41118967906376
            ],
            [
              -7.901239847051764,
              45.41109984753535
            ],
            [
              -7.900970352466528,
              45.411549005177406
            ],
            [
              -7.90061102635288,
              45.411549005177406
            ]
          ]
        ]
      },
      "properties": {
        "region_id": 583090,
        "centroid_lon": -7.89992936357846,
        "centroid_lat": 45.41122666851663,
        "area_px": 34,
        "area_km2": 0.0095,
        "elongation_ratio": 7.05,
        "circularity": 0.442,
        "mean_probability": 0.6776,
        "max_probability": 0.8551,
        "pixel_bbox": {
          "min_row": 9600,
          "min_col": 10899,
          "max_row": 9604,
          "max_col": 10918
        }
      }
    },
    {
      "type": "Feature",
      "geometry": {
        "type": "Point",
        "coordinates": [
          -7.174962508256238,
          45.317986826232584
        ]
      },
      "properties": {
        "region_id": 588761,
        "centroid_lon": -7.174962508256238,
        "centroid_lat": 45.317986826232584,
        "area_px": 34,
        "area_km2": 0.0095,
        "elongation_ratio": 6.647,
        "circularity": 0.528,
        "mean_probability": 0.7163,
        "max_probability": 0.8791,
        "pixel_bbox": {
          "min_row": 10119,
          "min_col": 14935,
          "max_row": 10123,
          "max_col": 14951
        }
      }
    },
    {
      "type": "Feature",
      "geometry": {
        "type": "Point",
        "coordinates": [
          -7.096322130805396,
          45.30763298197747
        ]
      },
      "properties": {
        "region_id": 589014,
        "centroid_lon": -7.096322130805396,
        "centroid_lat": 45.30763298197747,
        "area_px": 33,
        "area_km2": 0.0093,
        "elongation_ratio": 4.521,
        "circularity": 0.626,
        "mean_probability": 0.7172,
        "max_probability": 0.8889,
        "pixel_bbox": {
          "min_row": 10176,
          "min_col": 15374,
          "max_row": 10181,
          "max_col": 15388
        }
      }
    },
    {
      "type": "Feature",
      "geometry": {
        "type": "Polygon",
        "coordinates": [
          [
            [
              -6.678722576893507,
              45.25164888460413
            ],
            [
              -6.677824261609388,
              45.251289558490484
            ],
            [
              -6.679531060649214,
              45.25119972696207
            ],
            [
              -6.678722576893507,
              45.25164888460413
            ]
          ]
        ]
      },
      "properties": {
        "region_id": 589413,
        "centroid_lon": -6.678093756194624,
        "centroid_lat": 45.25128411415543,
        "area_px": 33,
        "area_km2": 0.0093,
        "elongation_ratio": 6.313,
        "circularity": 0.44,
        "mean_probability": 0.7162,
        "max_probability": 0.8894,
        "pixel_bbox": {
          "min_row": 10490,
          "min_col": 17700,
          "max_row": 10495,
          "max_col": 17716
        }
      }
    },
    {
      "type": "Feature",
      "geometry": {
        "type": "Polygon",
        "coordinates": [
          [
            [
              -9.307013435170402,
              45.578455984966816
            ],
            [
              -9.306025288357871,
              45.57800682732476
            ],
            [
              -9.305126973073753,
              45.5783661534384
            ],
            [
              -9.307013435170402,
              45.578455984966816
            ]
          ]
        ]
      },
      "properties": {
        "region_id": 549422,
        "centroid_lon": -9.306390058806574,
        "centroid_lat": 45.57815654653877,
        "area_px": 33,
        "area_km2": 0.0092,
        "elongation_ratio": 4.924,
        "circularity": 0.671,
        "mean_probability": 0.7214,
        "max_probability": 0.904,
        "pixel_bbox": {
          "min_row": 8671,
          "min_col": 3072,
          "max_row": 8675,
          "max_col": 3087
        }
      }
    },
    {
      "type": "Feature",
      "geometry": {
        "type": "Polygon",
        "coordinates": [
          [
            [
              -7.832339064759797,
              45.40310484150668
            ],
            [
              -7.831171254890441,
              45.402476020807796
            ],
            [
              -7.8302729396063215,
              45.40301500997827
            ],
            [
              -7.830093276549498,
              45.402476020807796
            ],
            [
              -7.832339064759797,
              45.40310484150668
            ]
          ]
        ]
      },
      "properties": {
        "region_id": 584272,
        "centroid_lon": -7.831405361297818,
        "centroid_lat": 45.40263118435688,
        "area_px": 33,
        "area_km2": 0.0092,
        "elongation_ratio": 4.719,
        "circularity": 0.52,
        "mean_probability": 0.699,
        "max_probability": 0.8917,
        "pixel_bbox": {
          "min_row": 9647,
          "min_col": 11282,
          "max_row": 9652,
          "max_col": 11297
        }
      }
    },
    {
      "type": "Feature",
      "geometry": {
        "type": "Polygon",
        "coordinates": [
          [
            [
              -7.793711507542657,
              45.39807427591561
            ],
            [
              -7.792543697673302,
              45.39762511827355
            ],
            [
              -7.791825045446005,
              45.397984444387205
            ],
            [
              -7.791375887803946,
              45.39753528674514
            ],
            [
              -7.794160665184717,
              45.39762511827355
            ],
            [
              -7.794430159769952,
              45.39789461285879
            ],
            [
              -7.7940708336563045,
              45.39807427591561
            ],
            [
              -7.793711507542657,
              45.39807427591561
            ]
          ]
        ]
      },
      "properties": {
        "region_id": 584852,
        "centroid_lon": -7.792924801127171,
        "centroid_lat": 45.3977476158123,
        "area_px": 33,
        "area_km2": 0.0092,
        "elongation_ratio": 8.325,
        "circularity": 0.542,
        "mean_probability": 0.7177,
        "max_probability": 0.867,
        "pixel_bbox": {
          "min_row": 9675,
          "min_col": 11493,
          "max_row": 9680,
          "max_col": 11513
        }
      }
    },
    {
      "type": "Feature",
      "geometry": {
        "type": "Point",
        "coordinates": [
          -7.751553299042175,
          45.39257005317474
        ]
      },
      "properties": {
        "region_id": 585373,
        "centroid_lon": -7.751553299042175,
        "centroid_lat": 45.39257005317474,
        "area_px": 33,
        "area_km2": 0.0092,
        "elongation_ratio": 6.07,
        "circularity": 0.602,
        "mean_probability": 0.6851,
        "max_probability": 0.9057,
        "pixel_bbox": {
          "min_row": 9704,
          "min_col": 11725,
          "max_row": 9708,
          "max_col": 11742
        }
      }
    },
    {
      "type": "Feature",
      "geometry": {
        "type": "Polygon",
        "coordinates": [
          [
            [
              -7.884710845823965,
              45.40948288002393
            ],
            [
              -7.883363372897785,
              45.4092133854387
            ],
            [
              -7.884710845823965,
              45.409123553910284
            ],
            [
              -7.884710845823965,
              45.40948288002393
            ]
          ]
        ]
      },
      "properties": {
        "region_id": 583382,
        "centroid_lon": -7.883284770310425,
        "centroid_lat": 45.40914039732186,
        "area_px": 32,
        "area_km2": 0.009,
        "elongation_ratio": 4.79,
        "circularity": 0.629,
        "mean_probability": 0.7008,
        "max_probability": 0.8641,
        "pixel_bbox": {
          "min_row": 9611,
          "min_col": 10992,
          "max_row": 9616,
          "max_col": 11007
        }
      }
    },
    {
      "type": "Feature",
      "geometry": {
        "type": "Point",
        "coordinates": [
          -7.043135400837642,
          45.30053407947181
        ]
      },
      "properties": {
        "region_id": 589172,
        "centroid_lon": -7.043135400837642,
        "centroid_lat": 45.30053407947181,
        "area_px": 32,
        "area_km2": 0.009,
        "elongation_ratio": 5.716,
        "circularity": 0.55,
        "mean_probability": 0.7187,
        "max_probability": 0.8835,
        "pixel_bbox": {
          "min_row": 10217,
          "min_col": 15668,
          "max_row": 10220,
          "max_col": 15683
        }
      }
    },
    {
      "type": "Feature",
      "geometry": {
        "type": "Point",
        "coordinates": [
          -8.729570756067849,
          45.51186836453145
        ]
      },
      "properties": {
        "region_id": 565037,
        "centroid_lon": -8.729570756067849,
        "centroid_lat": 45.51186836453145,
        "area_px": 32,
        "area_km2": 0.0089,
        "elongation_ratio": 5.307,
        "circularity": 0.631,
        "mean_probability": 0.6965,
        "max_probability": 0.8517,
        "pixel_bbox": {
          "min_row": 9040,
          "min_col": 6282,
          "max_row": 9044,
          "max_col": 6297
        }
      }
    },
    {
      "type": "Feature",
      "geometry": {
        "type": "Polygon",
        "coordinates": [
          [
            [
              -9.531232930086636,
              45.60289016069486
            ],
            [
              -9.53240073995599,
              45.602979992223275
            ],
            [
              -9.532490571484402,
              45.603429149865335
            ],
            [
              -9.531232930086636,
              45.60289016069486
            ]
          ]
        ]
      },
      "properties": {
        "region_id": 540505,
        "centroid_lon": -9.531403899769742,
        "centroid_lat": 45.60316834865382,
        "area_px": 31,
        "area_km2": 0.0087,
        "elongation_ratio": 4.719,
        "circularity": 0.618,
        "mean_probability": 0.7342,
        "max_probability": 0.8947,
        "pixel_bbox": {
          "min_row": 8532,
          "min_col": 1819,
          "max_row": 8536,
          "max_col": 1833
        }
      }
    },
    {
      "type": "Feature",
      "geometry": {
        "type": "Point",
        "coordinates": [
          -8.527556854304851,
          45.487981146899784
        ]
      },
      "properties": {
        "region_id": 570777,
        "centroid_lon": -8.527556854304851,
        "centroid_lat": 45.487981146899784,
        "area_px": 31,
        "area_km2": 0.0087,
        "elongation_ratio": 6.74,
        "circularity": 0.5,
        "mean_probability": 0.6879,
        "max_probability": 0.87,
        "pixel_bbox": {
          "min_row": 9173,
          "min_col": 7407,
          "max_row": 9177,
          "max_col": 7424
        }
      }
    },
    {
      "type": "Feature",
      "geometry": {
        "type": "Polygon",
        "coordinates": [
          [
            [
              -8.478946406269028,
              45.482336249566025
            ],
            [
              -8.477509101814437,
              45.48197692345238
            ],
            [
              -8.479575226967912,
              45.48206675498079
            ],
            [
              -8.478946406269028,
              45.482336249566025
            ]
          ]
        ]
      },
      "properties": {
        "region_id": 572161,
        "centroid_lon": -8.477969850621452,
        "centroid_lat": 45.48196533228742,
        "area_px": 31,
        "area_km2": 0.0087,
        "elongation_ratio": 10.371,
        "circularity": 0.414,
        "mean_probability": 0.6042,
        "max_probability": 0.7127,
        "pixel_bbox": {
          "min_row": 9206,
          "min_col": 7681,
          "max_row": 9211,
          "max_col": 7702
        }
      }
    },
    {
      "type": "Feature",
      "geometry": {
        "type": "Polygon",
        "coordinates": [
          [
            [
              -7.236396705274906,
              45.326209053186055
            ],
            [
              -7.233701759422548,
              45.32567006401558
            ],
            [
              -7.23702552597379,
              45.32611922165764
            ],
            [
              -7.236396705274906,
              45.326209053186055
            ]
          ]
        ]
      },
      "properties": {
        "region_id": 588524,
        "centroid_lon": -7.235147757250855,
        "centroid_lat": 45.325878704984795,
        "area_px": 31,
        "area_km2": 0.0087,
        "elongation_ratio": 12.317,
        "circularity": 0.37,
        "mean_probability": 0.6556,
        "max_probability": 0.8045,
        "pixel_bbox": {
          "min_row": 10075,
          "min_col": 14597,
          "max_row": 10080,
          "max_col": 14619
        }
      }
    },
    {
      "type": "Feature",
      "geometry": {
        "type": "Point",
        "coordinates": [
          -9.40416922753221,
          45.58903215024518
        ]
      },
      "properties": {
        "region_id": 545383,
        "centroid_lon": -9.40416922753221,
        "centroid_lat": 45.58903215024518,
        "area_px": 30,
        "area_km2": 0.0084,
        "elongation_ratio": 7.358,
        "circularity": 0.507,
        "mean_probability": 0.7335,
        "max_probability": 0.9264,
        "pixel_bbox": {
          "min_row": 8610,
          "min_col": 2527,
          "max_row": 8615,
          "max_col": 2544
        }
      }
    },
    {
      "type": "Feature",
      "geometry": {
        "type": "Point",
        "coordinates": [
          -9.401138910640446,
          45.588756666891385
        ]
      },
      "properties": {
        "region_id": 545506,
        "centroid_lon": -9.401138910640446,
        "centroid_lat": 45.588756666891385,
        "area_px": 30,
        "area_km2": 0.0084,
        "elongation_ratio": 5.062,
        "circularity": 0.547,
        "mean_probability": 0.7292,
        "max_probability": 0.913,
        "pixel_bbox": {
          "min_row": 8612,
          "min_col": 2545,
          "max_row": 8616,
          "max_col": 2559
        }
      }
    },
    {
      "type": "Feature",
      "geometry": {
        "type": "Polygon",
        "coordinates": [
          [
            [
              -8.69256578083265,
              45.50730941446455
            ],
            [
              -8.692116623190591,
              45.50775857210661
            ],
            [
              -8.691487802491707,
              45.50748907752137
            ],
            [
              -8.692026791662178,
              45.50730941446455
            ],
            [
              -8.69256578083265,
              45.50730941446455
            ]
          ]
        ]
      },
      "properties": {
        "region_id": 566084,
        "centroid_lon": -8.692667589898184,
        "centroid_lat": 45.50755495397554,
        "area_px": 30,
        "area_km2": 0.0084,
        "elongation_ratio": 5.547,
        "circularity": 0.6,
        "mean_probability": 0.6898,
        "max_probability": 0.845,
        "pixel_bbox": {
          "min_row": 9064,
          "min_col": 6489,
          "max_row": 9068,
          "max_col": 6504
        }
      }
    },
    {
      "type": "Feature",
      "geometry": {
        "type": "Polygon",
        "coordinates": [
          [
            [
              -8.744847730368406,
              45.51395694756703
            ],
            [
              -8.743410425913815,
              45.513597621453385
            ],
            [
              -8.745656214124114,
              45.51350778992497
            ],
            [
              -8.744847730368406,
              45.51395694756703
            ]
          ]
        ]
      },
      "properties": {
        "region_id": 564611,
        "centroid_lon": -8.744373791615061,
        "centroid_lat": 45.51361620728685,
        "area_px": 29,
        "area_km2": 0.0081,
        "elongation_ratio": 5.653,
        "circularity": 0.837,
        "mean_probability": 0.7057,
        "max_probability": 0.8733,
        "pixel_bbox": {
          "min_row": 9030,
          "min_col": 6200,
          "max_row": 9035,
          "max_col": 6216
        }
      }
    },
    {
      "type": "Feature",
      "geometry": {
        "type": "Point",
        "coordinates": [
          -8.513178413871803,
          45.486208298204474
        ]
      },
      "properties": {
        "region_id": 571209,
        "centroid_lon": -8.513178413871803,
        "centroid_lat": 45.486208298204474,
        "area_px": 29,
        "area_km2": 0.0081,
        "elongation_ratio": 6.82,
        "circularity": 0.478,
        "mean_probability": 0.7187,
        "max_probability": 0.8766,
        "pixel_bbox": {
          "min_row": 9183,
          "min_col": 7487,
          "max_row": 9187,
          "max_col": 7502
        }
      }
    },
    {
      "type": "Feature",
      "geometry": {
        "type": "Polygon",
        "coordinates": [
          [
            [
              -7.819223661611652,
              45.401308210938446
            ],
            [
              -7.818055851742296,
              45.40121837941003
            ],
            [
              -7.817876188685473,
              45.40085905329639
            ],
            [
              -7.817696525628648,
              45.40121837941003
            ],
            [
              -7.817516862571825,
              45.40085905329639
            ],
            [
              -7.819223661611652,
              45.401308210938446
            ]
          ]
        ]
      },
      "properties": {
        "region_id": 584492,
        "centroid_lon": -7.8188054803587,
        "centroid_lat": 45.40101083760301,
        "area_px": 29,
        "area_km2": 0.0081,
        "elongation_ratio": 5.725,
        "circularity": 0.572,
        "mean_probability": 0.7019,
        "max_probability": 0.8543,
        "pixel_bbox": {
          "min_row": 9657,
          "min_col": 11353,
          "max_row": 9661,
          "max_col": 11367
        }
      }
    },
    {
      "type": "Feature",
      "geometry": {
        "type": "Point",
        "coordinates": [
          -7.7800230411960225,
          45.3961413492353
        ]
      },
      "properties": {
        "region_id": 585018,
        "centroid_lon": -7.7800230411960225,
        "centroid_lat": 45.3961413492353,
        "area_px": 29,
        "area_km2": 0.0081,
        "elongation_ratio": 5.806,
        "circularity": 0.545,
        "mean_probability": 0.6738,
        "max_probability": 0.8479,
        "pixel_bbox": {
          "min_row": 9684,
          "min_col": 11567,
          "max_row": 9688,
          "max_col": 11583
        }
      }
    },
    {
      "type": "Feature",
      "geometry": {
        "type": "Point",
        "coordinates": [
          -7.082490515993946,
          45.30577083165288
        ]
      },
      "properties": {
        "region_id": 589066,
        "centroid_lon": -7.082490515993946,
        "centroid_lat": 45.30577083165288,
        "area_px": 29,
        "area_km2": 0.0081,
        "elongation_ratio": 5.192,
        "circularity": 0.598,
        "mean_probability": 0.684,
        "max_probability": 0.8562,
        "pixel_bbox": {
          "min_row": 10187,
          "min_col": 15451,
          "max_row": 10191,
          "max_col": 15465
        }
      }
    },
    {
      "type": "Feature",
      "geometry": {
        "type": "Polygon",
        "coordinates": [
          [
            [
              -8.533563975543494,
              45.48844479349804
            ],
            [
              -8.53383347012873,
              45.4888939511401
            ],
            [
              -8.53329448095826,
              45.488534625026446
            ],
            [
              -8.532575828730963,
              45.4888939511401
            ],
            [
              -8.53239616567414,
              45.488534625026446
            ],
            [
              -8.533563975543494,
              45.48844479349804
            ]
          ]
        ]
      },
      "properties": {
        "region_id": 570617,
        "centroid_lon": -8.533615307845444,
        "centroid_lat": 45.48867578885681,
        "area_px": 28,
        "area_km2": 0.0078,
        "elongation_ratio": 5.592,
        "circularity": 0.589,
        "mean_probability": 0.7196,
        "max_probability": 0.8866,
        "pixel_bbox": {
          "min_row": 9169,
          "min_col": 7374,
          "max_row": 9173,
          "max_col": 7388
        }
      }
    },
    {
      "type": "Feature",
      "geometry": {
        "type": "Point",
        "coordinates": [
          -7.877293328192235,
          45.4083471528433
        ]
      },
      "properties": {
        "region_id": 583509,
        "centroid_lon": -7.877293328192235,
        "centroid_lat": 45.4083471528433,
        "area_px": 28,
        "area_km2": 0.0078,
        "elongation_ratio": 6.512,
        "circularity": 0.56,
        "mean_probability": 0.7068,
        "max_probability": 0.8749,
        "pixel_bbox": {
          "min_row": 9616,
          "min_col": 11027,
          "max_row": 9620,
          "max_col": 11041
        }
      }
    },
    {
      "type": "Feature",
      "geometry": {
        "type": "Point",
        "coordinates": [
          -8.733751873062708,
          45.51232667168104
        ]
      },
      "properties": {
        "region_id": 564915,
        "centroid_lon": -8.733751873062708,
        "centroid_lat": 45.51232667168104,
        "area_px": 27,
        "area_km2": 0.0076,
        "elongation_ratio": 7.512,
        "circularity": 0.525,
        "mean_probability": 0.7196,
        "max_probability": 0.8674,
        "pixel_bbox": {
          "min_row": 9037,
          "min_col": 6258,
          "max_row": 9041,
          "max_col": 6275
        }
      }
    },
    {
      "type": "Feature",
      "geometry": {
        "type": "Polygon",
        "coordinates": [
          [
            [
              -8.493858439985413,
              45.484492206247914
            ],
            [
              -8.492960124701293,
              45.48395321707744
            ],
            [
              -8.494307597627472,
              45.4836837224922
            ],
            [
              -8.493858439985413,
              45.484492206247914
            ]
          ]
        ]
      },
      "properties": {
        "region_id": 571673,
        "centroid_lon": -8.49344920746709,
        "centroid_lat": 45.48392660032828,
        "area_px": 27,
        "area_km2": 0.0076,
        "elongation_ratio": 3.911,
        "circularity": 0.538,
        "mean_probability": 0.7392,
        "max_probability": 0.9257,
        "pixel_bbox": {
          "min_row": 9194,
          "min_col": 7599,
          "max_row": 9200,
          "max_col": 7612
        }
      }
    },
    {
      "type": "Feature",
      "geometry": {
        "type": "Point",
        "coordinates": [
          -7.739782646652682,
          45.391040799950325
        ]
      },
      "properties": {
        "region_id": 585516,
        "centroid_lon": -7.739782646652682,
        "centroid_lat": 45.391040799950325,
        "area_px": 27,
        "area_km2": 0.0076,
        "elongation_ratio": 4.614,
        "circularity": 0.782,
        "mean_probability": 0.6959,
        "max_probability": 0.8376,
        "pixel_bbox": {
          "min_row": 9713,
          "min_col": 11792,
          "max_row": 9717,
          "max_col": 11805
        }
      }
    },
    {
      "type": "Feature",
      "geometry": {
        "type": "Polygon",
        "coordinates": [
          [
            [
              -9.659781847244139,
              46.09974834434137
            ],
            [
              -9.659422521130491,
              46.10064665962549
            ],
            [
              -9.659153026545255,
              46.10037716504026
            ],
            [
              -9.659692015715727,
              46.099119523642486
            ],
            [
              -9.659781847244139,
              46.09974834434137
            ]
          ]
        ]
      },
      "properties": {
        "region_id": 349412,
        "centroid_lon": -9.65945579206694,
        "centroid_lat": 46.100330585729225,
        "area_px": 27,
        "area_km2": 0.0075,
        "elongation_ratio": 7.312,
        "circularity": 0.515,
        "mean_probability": 0.6174,
        "max_probability": 0.7601,
        "pixel_bbox": {
          "min_row": 5759,
          "min_col": 1112,
          "max_row": 5774,
          "max_col": 1117
        }
      }
    },
    {
      "type": "Feature",
      "geometry": {
        "type": "Polygon",
        "coordinates": [
          [
            [
              -9.407445083934965,
              45.589595094489894
            ],
            [
              -9.406187442537199,
              45.58923576837625
            ],
            [
              -9.408073904633849,
              45.58932559990466
            ],
            [
              -9.407445083934965,
              45.589595094489894
            ]
          ]
        ]
      },
      "properties": {
        "region_id": 545318,
        "centroid_lon": -9.407092667938887,
        "centroid_lat": 45.58935324037494,
        "area_px": 26,
        "area_km2": 0.0073,
        "elongation_ratio": 5.743,
        "circularity": 0.627,
        "mean_probability": 0.6847,
        "max_probability": 0.8309,
        "pixel_bbox": {
          "min_row": 8609,
          "min_col": 2513,
          "max_row": 8613,
          "max_col": 2526
        }
      }
    },
    {
      "type": "Feature",
      "geometry": {
        "type": "Point",
        "coordinates": [
          -7.2437006995465545,
          45.32701753694176
        ]
      },
      "properties": {
        "region_id": 588494,
        "centroid_lon": -7.2437006995465545,
        "centroid_lat": 45.32701753694176,
        "area_px": 26,
        "area_km2": 0.0073,
        "elongation_ratio": 8.06,
        "circularity": 0.504,
        "mean_probability": 0.7105,
        "max_probability": 0.8703,
        "pixel_bbox": {
          "min_row": 10069,
          "min_col": 14552,
          "max_row": 10073,
          "max_col": 14568
        }
      }
    },
    {
      "type": "Feature",
      "geometry": {
        "type": "Polygon",
        "coordinates": [
          [
            [
              -7.16938238507959,
              45.31704623728803
            ],
            [
              -7.170280700363709,
              45.31722590034486
            ],
            [
              -7.168753564380706,
              45.31731573187327
            ],
            [
              -7.16938238507959,
              45.31704623728803
            ]
          ]
        ]
      },
      "properties": {
        "region_id": 588772,
        "centroid_lon": -7.170059576601464,
        "centroid_lat": 45.31733646222598,
        "area_px": 26,
        "area_km2": 0.0073,
        "elongation_ratio": 7.958,
        "circularity": 0.518,
        "mean_probability": 0.7265,
        "max_probability": 0.8848,
        "pixel_bbox": {
          "min_row": 10122,
          "min_col": 14962,
          "max_row": 10127,
          "max_col": 14978
        }
      }
    },
    {
      "type": "Feature",
      "geometry": {
        "type": "Polygon",
        "coordinates": [
          [
            [
              -7.04056397333685,
              45.30051723606024
            ],
            [
              -7.039396163467495,
              45.300247741475
            ],
            [
              -7.039485994995907,
              45.299978246889765
            ],
            [
              -7.04056397333685,
              45.30051723606024
            ]
          ]
        ]
      },
      "properties": {
        "region_id": 589176,
        "centroid_lon": -7.040633074512552,
        "centroid_lat": 45.30023392123986,
        "area_px": 26,
        "area_km2": 0.0073,
        "elongation_ratio": 5.303,
        "circularity": 0.612,
        "mean_probability": 0.6779,
        "max_probability": 0.8533,
        "pixel_bbox": {
          "min_row": 10218,
          "min_col": 15684,
          "max_row": 10222,
          "max_col": 15699
        }
      }
    },
    {
      "type": "Feature",
      "geometry": {
        "type": "Point",
        "coordinates": [
          -6.694291071779055,
          45.25347315564265
        ]
      },
      "properties": {
        "region_id": 589404,
        "centroid_lon": -6.694291071779055,
        "centroid_lat": 45.25347315564265,
        "area_px": 26,
        "area_km2": 0.0073,
        "elongation_ratio": 5.154,
        "circularity": 0.697,
        "mean_probability": 0.711,
        "max_probability": 0.8773,
        "pixel_bbox": {
          "min_row": 10478,
          "min_col": 17612,
          "max_row": 10482,
          "max_col": 17625
        }
      }
    },
    {
      "type": "Feature",
      "geometry": {
        "type": "Polygon",
        "coordinates": [
          [
            [
              -6.642610302471902,
              45.24661831901306
            ],
            [
              -6.6427001340003144,
              45.24634882442783
            ],
            [
              -6.640544177318427,
              45.246169161371
            ],
            [
              -6.642610302471902,
              45.24661831901306
            ]
          ]
        ]
      },
      "properties": {
        "region_id": 589425,
        "centroid_lon": -6.641815638951335,
        "centroid_lat": 45.24629354348727,
        "area_px": 26,
        "area_km2": 0.0073,
        "elongation_ratio": 7.085,
        "circularity": 0.506,
        "mean_probability": 0.7058,
        "max_probability": 0.8648,
        "pixel_bbox": {
          "min_row": 10518,
          "min_col": 17904,
          "max_row": 10522,
          "max_col": 17918
        }
      }
    },
    {
      "type": "Feature",
      "geometry": {
        "type": "Polygon",
        "coordinates": [
          [
            [
              -9.634269693175144,
              46.21185809179949
            ],
            [
              -9.634808682345616,
              46.210420787344894
            ],
            [
              -9.635078176930852,
              46.210690281930134
            ],
            [
              -9.634359524703557,
              46.21230724944155
            ],
            [
              -9.634269693175144,
              46.21185809179949
            ]
          ]
        ]
      },
      "properties": {
        "region_id": 302452,
        "centroid_lon": -9.634698120464494,
        "centroid_lat": 46.211104888984345,
        "area_px": 26,
        "area_km2": 0.0072,
        "elongation_ratio": 8.135,
        "circularity": 0.556,
        "mean_probability": 0.5953,
        "max_probability": 0.7647,
        "pixel_bbox": {
          "min_row": 5143,
          "min_col": 1249,
          "max_row": 5158,
          "max_col": 1255
        }
      }
    },
    {
      "type": "Feature",
      "geometry": {
        "type": "Polygon",
        "coordinates": [
          [
            [
              -8.530509703577488,
              45.48808546738439
            ],
            [
              -8.531138524276372,
              45.488534625026446
            ],
            [
              -8.531857176503667,
              45.4881752989128
            ],
            [
              -8.530509703577488,
              45.48808546738439
            ]
          ]
        ]
      },
      "properties": {
        "region_id": 570682,
        "centroid_lon": -8.530764825118178,
        "centroid_lat": 45.488315436097125,
        "area_px": 25,
        "area_km2": 0.007,
        "elongation_ratio": 5.202,
        "circularity": 0.536,
        "mean_probability": 0.7202,
        "max_probability": 0.8784,
        "pixel_bbox": {
          "min_row": 9171,
          "min_col": 7390,
          "max_row": 9175,
          "max_col": 7403
        }
      }
    },
    {
      "type": "Feature",
      "geometry": {
        "type": "Polygon",
        "coordinates": [
          [
            [
              -7.046492854212039,
              45.3010562252307
            ],
            [
              -7.046403022683627,
              45.30078673064547
            ],
            [
              -7.0471216749109225,
              45.30078673064547
            ],
            [
              -7.046492854212039,
              45.3010562252307
            ]
          ]
        ]
      },
      "properties": {
        "region_id": 589167,
        "centroid_lon": -7.046000577436342,
        "centroid_lat": 45.300905308262976,
        "area_px": 25,
        "area_km2": 0.007,
        "elongation_ratio": 6.131,
        "circularity": 0.635,
        "mean_probability": 0.6942,
        "max_probability": 0.8536,
        "pixel_bbox": {
          "min_row": 10215,
          "min_col": 15654,
          "max_row": 10218,
          "max_col": 15668
        }
      }
    },
    {
      "type": "Feature",
      "geometry": {
        "type": "Polygon",
        "coordinates": [
          [
            [
              -6.687705729734702,
              45.252726862945075
            ],
            [
              -6.685909099166463,
              45.25236753683143
            ],
            [
              -6.688334550433586,
              45.25245736835984
            ],
            [
              -6.687705729734702,
              45.252726862945075
            ]
          ]
        ]
      },
      "properties": {
        "region_id": 589410,
        "centroid_lon": -6.686861313367629,
        "centroid_lat": 45.25243940205416,
        "area_px": 25,
        "area_km2": 0.007,
        "elongation_ratio": 9.317,
        "circularity": 0.517,
        "mean_probability": 0.6685,
        "max_probability": 0.7987,
        "pixel_bbox": {
          "min_row": 10484,
          "min_col": 17651,
          "max_row": 10488,
          "max_col": 17670
        }
      }
    },
    {
      "type": "Feature",
      "geometry": {
        "type": "Polygon",
        "coordinates": [
          [
            [
              -7.754544961155046,
              45.392684384210895
            ],
            [
              -7.754185635041399,
              45.39286404726772
            ],
            [
              -7.755533107967578,
              45.39277421573931
            ],
            [
              -7.754544961155046,
              45.392684384210895
            ]
          ]
        ]
      },
      "properties": {
        "region_id": 585331,
        "centroid_lon": -7.754522503272943,
        "centroid_lat": 45.392961364756836,
        "area_px": 24,
        "area_km2": 0.0067,
        "elongation_ratio": 3.468,
        "circularity": 0.695,
        "mean_probability": 0.7086,
        "max_probability": 0.8938,
        "pixel_bbox": {
          "min_row": 9702,
          "min_col": 11711,
          "max_row": 9706,
          "max_col": 11722
        }
      }
    },
    {
      "type": "Feature",
      "geometry": {
        "type": "Polygon",
        "coordinates": [
          [
            [
              -7.741609221063724,
              45.391067416699485
            ],
            [
              -7.7430465255183165,
              45.39142674281313
            ],
            [
              -7.741339726478489,
              45.391516574341544
            ],
            [
              -7.741609221063724,
              45.391067416699485
            ]
          ]
        ]
      },
      "properties": {
        "region_id": 585471,
        "centroid_lon": -7.742290443487516,
        "centroid_lat": 45.39141177089173,
        "area_px": 24,
        "area_km2": 0.0067,
        "elongation_ratio": 4.136,
        "circularity": 0.866,
        "mean_probability": 0.6664,
        "max_probability": 0.8588,
        "pixel_bbox": {
          "min_row": 9710,
          "min_col": 11777,
          "max_row": 9715,
          "max_col": 11791
        }
      }
    },
    {
      "type": "Feature",
      "geometry": {
        "type": "Polygon",
        "coordinates": [
          [
            [
              -6.66920043488184,
              45.24985225403589
            ],
            [
              -6.669739424052311,
              45.25003191709272
            ],
            [
              -6.668930940296605,
              45.25030141167795
            ],
            [
              -6.668212288069308,
              45.24994208556431
            ],
            [
              -6.66920043488184,
              45.24985225403589
            ]
          ]
        ]
      },
      "properties": {
        "region_id": 589419,
        "centroid_lon": -6.66942501370287,
        "centroid_lat": 45.25007683285692,
        "area_px": 24,
        "area_km2": 0.0067,
        "elongation_ratio": 5.157,
        "circularity": 0.598,
        "mean_probability": 0.6758,
        "max_probability": 0.8438,
        "pixel_bbox": {
          "min_row": 10497,
          "min_col": 17751,
          "max_row": 10501,
          "max_col": 17764
        }
      }
    },
    {
      "type": "Feature",
      "geometry": {
        "type": "Polygon",
        "coordinates": [
          [
            [
              -9.66858533702851,
              46.06022247184011
            ],
            [
              -9.668226010914863,
              46.06130045018106
            ],
            [
              -9.668136179386451,
              46.0601326403117
            ],
            [
              -9.66858533702851,
              46.06004280878329
            ],
            [
              -9.66858533702851,
              46.06022247184011
            ]
          ]
        ]
      },
      "properties": {
        "region_id": 365878,
        "centroid_lon": -9.668218524954161,
        "centroid_lat": 46.06097106791022,
        "area_px": 24,
        "area_km2": 0.0066,
        "elongation_ratio": 11.595,
        "circularity": 0.51,
        "mean_probability": 0.6004,
        "max_probability": 0.7357,
        "pixel_bbox": {
          "min_row": 5976,
          "min_col": 1063,
          "max_row": 5995,
          "max_col": 1068
        }
      }
    },
    {
      "type": "Feature",
      "geometry": {
        "type": "Polygon",
        "coordinates": [
          [
            [
              -9.671280282880868,
              46.046208753407846
            ],
            [
              -9.671549777466105,
              46.04450195436802
            ],
            [
              -9.671998935108164,
              46.04423245978278
            ],
            [
              -9.671549777466105,
              46.046478247993086
            ],
            [
              -9.671280282880868,
              46.046208753407846
            ]
          ]
        ]
      },
      "properties": {
        "region_id": 372911,
        "centroid_lon": -9.671677038798022,
        "centroid_lat": 46.04524306447742,
        "area_px": 24,
        "area_km2": 0.0066,
        "elongation_ratio": 5.997,
        "circularity": 0.513,
        "mean_probability": 0.6336,
        "max_probability": 0.8408,
        "pixel_bbox": {
          "min_row": 6066,
          "min_col": 1043,
          "max_row": 6081,
          "max_col": 1049
        }
      }
    },
    {
      "type": "Feature",
      "geometry": {
        "type": "Point",
        "coordinates": [
          -7.085303980204628,
          45.306125848008044
        ]
      },
      "properties": {
        "region_id": 589056,
        "centroid_lon": -7.085303980204628,
        "centroid_lat": 45.306125848008044,
        "area_px": 23,
        "area_km2": 0.0065,
        "elongation_ratio": 5.191,
        "circularity": 0.666,
        "mean_probability": 0.7198,
        "max_probability": 0.8962,
        "pixel_bbox": {
          "min_row": 10185,
          "min_col": 15436,
          "max_row": 10189,
          "max_col": 15448
        }
      }
    },
    {
      "type": "Feature",
      "geometry": {
        "type": "Polygon",
        "coordinates": [
          [
            [
              -8.601386779494518,
              45.49679912564035
            ],
            [
              -8.600308801153576,
              45.496619462583524
            ],
            [
              -8.599769811983103,
              45.49697878869717
            ],
            [
              -8.599410485869456,
              45.496439799526705
            ],
            [
              -8.601386779494518,
              45.49679912564035
            ]
          ]
        ]
      },
      "properties": {
        "region_id": 568682,
        "centroid_lon": -8.600410349837867,
        "centroid_lat": 45.49663899117666,
        "area_px": 23,
        "area_km2": 0.0064,
        "elongation_ratio": 4.158,
        "circularity": 0.582,
        "mean_probability": 0.6842,
        "max_probability": 0.8951,
        "pixel_bbox": {
          "min_row": 9124,
          "min_col": 7003,
          "max_row": 9129,
          "max_col": 7015
        }
      }
    },
    {
      "type": "Feature",
      "geometry": {
        "type": "Polygon",
        "coordinates": [
          [
            [
              -8.572730521931106,
              45.49311603297546
            ],
            [
              -8.573988163328874,
              45.49347535908911
            ],
            [
              -8.573449174158402,
              45.49365502214593
            ],
            [
              -8.572730521931106,
              45.49311603297546
            ]
          ]
        ]
      },
      "properties": {
        "region_id": 569486,
        "centroid_lon": -8.573023450828101,
        "centroid_lat": 45.49335818753031,
        "area_px": 23,
        "area_km2": 0.0064,
        "elongation_ratio": 4.107,
        "circularity": 0.972,
        "mean_probability": 0.7138,
        "max_probability": 0.8922,
        "pixel_bbox": {
          "min_row": 9143,
          "min_col": 7155,
          "max_row": 9147,
          "max_col": 7167
        }
      }
    },
    {
      "type": "Feature",
      "geometry": {
        "type": "Point",
        "coordinates": [
          -8.522709983480155,
          45.48742930665512
        ]
      },
      "properties": {
        "region_id": 570908,
        "centroid_lon": -8.522709983480155,
        "centroid_lat": 45.48742930665512,
        "area_px": 23,
        "area_km2": 0.0064,
        "elongation_ratio": 3.23,
        "circularity": 0.616,
        "mean_probability": 0.6995,
        "max_probability": 0.8665,
        "pixel_bbox": {
          "min_row": 9176,
          "min_col": 7436,
          "max_row": 9180,
          "max_col": 7447
        }
      }
    },
    {
      "type": "Feature",
      "geometry": {
        "type": "Point",
        "coordinates": [
          -8.487675687399493,
          45.48322675341289
        ]
      },
      "properties": {
        "region_id": 571884,
        "centroid_lon": -8.487675687399493,
        "centroid_lat": 45.48322675341289,
        "area_px": 23,
        "area_km2": 0.0064,
        "elongation_ratio": 3.006,
        "circularity": 0.972,
        "mean_probability": 0.7196,
        "max_probability": 0.8917,
        "pixel_bbox": {
          "min_row": 9199,
          "min_col": 7631,
          "max_row": 9203,
          "max_col": 7641
        }
      }
    },
    {
      "type": "Feature",
      "geometry": {
        "type": "Polygon",
        "coordinates": [
          [
            [
              -7.766043396791776,
              45.394840340892785
            ],
            [
              -7.765594239149716,
              45.3942115201939
            ],
            [
              -7.764965418450832,
              45.39430135172231
            ],
            [
              -7.765234913036068,
              45.394570846307545
            ],
            [
              -7.764516260808772,
              45.394391183250725
            ],
            [
              -7.766043396791776,
              45.394840340892785
            ]
          ]
        ]
      },
      "properties": {
        "region_id": 585166,
        "centroid_lon": -7.765461444716411,
        "centroid_lat": 45.39435603178308,
        "area_px": 23,
        "area_km2": 0.0064,
        "elongation_ratio": 3.519,
        "circularity": 0.705,
        "mean_probability": 0.6837,
        "max_probability": 0.8508,
        "pixel_bbox": {
          "min_row": 9693,
          "min_col": 11650,
          "max_row": 9698,
          "max_col": 11662
        }
      }
    },
    {
      "type": "Feature",
      "geometry": {
        "type": "Point",
        "coordinates": [
          -7.746229686199,
          45.39181731467579
        ]
      },
      "properties": {
        "region_id": 585447,
        "centroid_lon": -7.746229686199,
        "centroid_lat": 45.39181731467579,
        "area_px": 23,
        "area_km2": 0.0064,
        "elongation_ratio": 5.195,
        "circularity": 0.618,
        "mean_probability": 0.7445,
        "max_probability": 0.884,
        "pixel_bbox": {
          "min_row": 9709,
          "min_col": 11757,
          "max_row": 9712,
          "max_col": 11769
        }
      }
    },
    {
      "type": "Feature",
      "geometry": {
        "type": "Polygon",
        "coordinates": [
          [
            [
              -9.553241654547564,
              46.5794487060612
            ],
            [
              -9.553780643718035,
              46.578550390777075
            ],
            [
              -9.553600980661212,
              46.58016735828849
            ],
            [
              -9.553241654547564,
              46.57962836911802
            ],
            [
              -9.553241654547564,
              46.5794487060612
            ]
          ]
        ]
      },
      "properties": {
        "region_id": 154080,
        "centroid_lon": -9.553585357786705,
        "centroid_lat": 46.57922608009948,
        "area_px": 23,
        "area_km2": 0.0063,
        "elongation_ratio": 3.705,
        "circularity": 0.795,
        "mean_probability": 0.6389,
        "max_probability": 0.7971,
        "pixel_bbox": {
          "min_row": 3095,
          "min_col": 1701,
          "max_row": 3107,
          "max_col": 1706
        }
      }
    },
    {
      "type": "Feature",
      "geometry": {
        "type": "Point",
        "coordinates": [
          -8.645837053053269,
          45.501976688277914
        ]
      },
      "properties": {
        "region_id": 567427,
        "centroid_lon": -8.645837053053269,
        "centroid_lat": 45.501976688277914,
        "area_px": 22,
        "area_km2": 0.0062,
        "elongation_ratio": 4.882,
        "circularity": 0.501,
        "mean_probability": 0.6766,
        "max_probability": 0.8231,
        "pixel_bbox": {
          "min_row": 9095,
          "min_col": 6750,
          "max_row": 9099,
          "max_col": 6763
        }
      }
    },
    {
      "type": "Feature",
      "geometry": {
        "type": "Point",
        "coordinates": [
          -7.84064439788661,
          45.40375816171331
        ]
      },
      "properties": {
        "region_id": 584145,
        "centroid_lon": -7.84064439788661,
        "centroid_lat": 45.40375816171331,
        "area_px": 22,
        "area_km2": 0.0062,
        "elongation_ratio": 5.908,
        "circularity": 0.601,
        "mean_probability": 0.6916,
        "max_probability": 0.8648,
        "pixel_bbox": {
          "min_row": 9642,
          "min_col": 11232,
          "max_row": 9645,
          "max_col": 11244
        }
      }
    },
    {
      "type": "Feature",
      "geometry": {
        "type": "Polygon",
        "coordinates": [
          [
            [
              -6.71519417742876,
              45.25614046102473
            ],
            [
              -6.716990807996998,
              45.25649978713838
            ],
            [
              -6.715733166599231,
              45.2566794501952
            ],
            [
              -6.71519417742876,
              45.25614046102473
            ]
          ]
        ]
      },
      "properties": {
        "region_id": 589391,
        "centroid_lon": -6.7159454956663875,
        "centroid_lat": 45.25641812211255,
        "area_px": 22,
        "area_km2": 0.0062,
        "elongation_ratio": 5.3,
        "circularity": 0.661,
        "mean_probability": 0.6972,
        "max_probability": 0.8373,
        "pixel_bbox": {
          "min_row": 10462,
          "min_col": 17491,
          "max_row": 10466,
          "max_col": 17504
        }
      }
    },
    {
      "type": "Feature",
      "geometry": {
        "type": "Polygon",
        "coordinates": [
          [
            [
              -9.578214819446087,
              46.46949491528497
            ],
            [
              -9.578574145559735,
              46.468416936944024
            ],
            [
              -9.578304650974498,
              46.470303399040674
            ],
            [
              -9.578214819446087,
              46.46949491528497
            ]
          ]
        ]
      },
      "properties": {
        "region_id": 199418,
        "centroid_lon": -9.578459814523573,
        "centroid_lat": 46.4691927546894,
        "area_px": 22,
        "area_km2": 0.006,
        "elongation_ratio": 7.775,
        "circularity": 0.519,
        "mean_probability": 0.6179,
        "max_probability": 0.7465,
        "pixel_bbox": {
          "min_row": 3707,
          "min_col": 1562,
          "max_row": 3722,
          "max_col": 1567
        }
      }
    },
    {
      "type": "Feature",
      "geometry": {
        "type": "Polygon",
        "coordinates": [
          [
            [
              -9.58019111307115,
              46.4606914255006
            ],
            [
              -9.580460607656386,
              46.460781257029005
            ],
            [
              -9.58019111307115,
              46.46176940384154
            ],
            [
              -9.58019111307115,
              46.4606914255006
            ]
          ]
        ]
      },
      "properties": {
        "region_id": 202318,
        "centroid_lon": -9.580101281542737,
        "centroid_lat": 46.46168773881571,
        "area_px": 22,
        "area_km2": 0.006,
        "elongation_ratio": 7.198,
        "circularity": 0.559,
        "mean_probability": 0.6822,
        "max_probability": 0.8162,
        "pixel_bbox": {
          "min_row": 3749,
          "min_col": 1553,
          "max_row": 3763,
          "max_col": 1559
        }
      }
    },
    {
      "type": "Feature",
      "geometry": {
        "type": "Polygon",
        "coordinates": [
          [
            [
              -7.827128836111903,
              45.40184720010892
            ],
            [
              -7.827667825282375,
              45.402206526222564
            ],
            [
              -7.825781363185724,
              45.40193703163733
            ],
            [
              -7.827128836111903,
              45.40184720010892
            ]
          ]
        ]
      },
      "properties": {
        "region_id": 584356,
        "centroid_lon": -7.8269876722815415,
        "centroid_lat": 45.40200975239842,
        "area_px": 21,
        "area_km2": 0.0059,
        "elongation_ratio": 6.591,
        "circularity": 0.542,
        "mean_probability": 0.677,
        "max_probability": 0.833,
        "pixel_bbox": {
          "min_row": 9651,
          "min_col": 11307,
          "max_row": 9655,
          "max_col": 11321
        }
      }
    },
    {
      "type": "Feature",
      "geometry": {
        "type": "Point",
        "coordinates": [
          -7.2156028452934535,
          45.32341144272979
        ]
      },
      "properties": {
        "region_id": 588597,
        "centroid_lon": -7.2156028452934535,
        "centroid_lat": 45.32341144272979,
        "area_px": 21,
        "area_km2": 0.0059,
        "elongation_ratio": 2.621,
        "circularity": 1.049,
        "mean_probability": 0.6799,
        "max_probability": 0.8642,
        "pixel_bbox": {
          "min_row": 10089,
          "min_col": 14711,
          "max_row": 10093,
          "max_col": 14721
        }
      }
    },
    {
      "type": "Feature",
      "geometry": {
        "type": "Point",
        "coordinates": [
          -6.6913203793303255,
          45.253069078291404
        ]
      },
      "properties": {
        "region_id": 589407,
        "centroid_lon": -6.6913203793303255,
        "centroid_lat": 45.253069078291404,
        "area_px": 21,
        "area_km2": 0.0059,
        "elongation_ratio": 5.232,
        "circularity": 0.698,
        "mean_probability": 0.6607,
        "max_probability": 0.8003,
        "pixel_bbox": {
          "min_row": 10481,
          "min_col": 17629,
          "max_row": 10484,
          "max_col": 17641
        }
      }
    },
    {
      "type": "Feature",
      "geometry": {
        "type": "Polygon",
        "coordinates": [
          [
            [
              -9.45370832106712,
              47.02088083667753
            ],
            [
              -9.454067647180768,
              47.01998252139341
            ],
            [
              -9.454337141766004,
              47.02025201597865
            ],
            [
              -9.453798152595533,
              47.02168932043324
            ],
            [
              -9.45370832106712,
              47.02088083667753
            ]
          ]
        ]
      },
      "properties": {
        "region_id": 2293,
        "centroid_lon": -9.453973537960527,
        "centroid_lat": 47.02073111746351,
        "area_px": 21,
        "area_km2": 0.0057,
        "elongation_ratio": 6.457,
        "circularity": 0.655,
        "mean_probability": 0.5884,
        "max_probability": 0.7807,
        "pixel_bbox": {
          "min_row": 638,
          "min_col": 2255,
          "max_row": 651,
          "max_col": 2260
        }
      }
    },
    {
      "type": "Feature",
      "geometry": {
        "type": "Polygon",
        "coordinates": [
          [
            [
              -9.308630402681818,
              45.57881531108046
            ],
            [
              -9.308540571153406,
              45.5783661534384
            ],
            [
              -9.308001581982934,
              45.5783661534384
            ],
            [
              -9.308630402681818,
              45.57881531108046
            ]
          ]
        ]
      },
      "properties": {
        "region_id": 549283,
        "centroid_lon": -9.308845998350007,
        "centroid_lat": 45.57842903550829,
        "area_px": 20,
        "area_km2": 0.0056,
        "elongation_ratio": 2.507,
        "circularity": 1.003,
        "mean_probability": 0.7125,
        "max_probability": 0.9031,
        "pixel_bbox": {
          "min_row": 8669,
          "min_col": 3062,
          "max_row": 8673,
          "max_col": 3071
        }
      }
    },
    {
      "type": "Feature",
      "geometry": {
        "type": "Point",
        "coordinates": [
          -8.703363530547767,
          45.50875570207198
        ]
      },
      "properties": {
        "region_id": 565784,
        "centroid_lon": -8.703363530547767,
        "centroid_lat": 45.50875570207198,
        "area_px": 20,
        "area_km2": 0.0056,
        "elongation_ratio": 4.094,
        "circularity": 0.791,
        "mean_probability": 0.6806,
        "max_probability": 0.7887,
        "pixel_bbox": {
          "min_row": 9057,
          "min_col": 6430,
          "max_row": 9061,
          "max_col": 6441
        }
      }
    },
    {
      "type": "Feature",
      "geometry": {
        "type": "Polygon",
        "coordinates": [
          [
            [
              -8.652950076802979,
              45.50290766957236
            ],
            [
              -8.654207718200746,
              45.50272800651554
            ],
            [
              -8.654926370428042,
              45.503087332629185
            ],
            [
              -8.652950076802979,
              45.50290766957236
            ]
          ]
        ]
      },
      "properties": {
        "region_id": 567210,
        "centroid_lon": -8.653866358392781,
        "centroid_lat": 45.50294360218373,
        "area_px": 20,
        "area_km2": 0.0056,
        "elongation_ratio": 5.416,
        "circularity": 0.725,
        "mean_probability": 0.6851,
        "max_probability": 0.8441,
        "pixel_bbox": {
          "min_row": 9090,
          "min_col": 6705,
          "max_row": 9094,
          "max_col": 6717
        }
      }
    },
    {
      "type": "Feature",
      "geometry": {
        "type": "Point",
        "coordinates": [
          -7.888861062436597,
          45.40977034091485
        ]
      },
      "properties": {
        "region_id": 583289,
        "centroid_lon": -7.888861062436597,
        "centroid_lat": 45.40977034091485,
        "area_px": 20,
        "area_km2": 0.0056,
        "elongation_ratio": 5.74,
        "circularity": 0.758,
        "mean_probability": 0.7263,
        "max_probability": 0.8451,
        "pixel_bbox": {
          "min_row": 9608,
          "min_col": 10963,
          "max_row": 9612,
          "max_col": 10976
        }
      }
    },
    {
      "type": "Feature",
      "geometry": {
        "type": "Polygon",
        "coordinates": [
          [
            [
              -7.777901158542154,
              45.39609798229055
            ],
            [
              -7.776913011729622,
              45.39564882464849
            ],
            [
              -7.77637402255915,
              45.395828487705316
            ],
            [
              -7.777901158542154,
              45.39609798229055
            ]
          ]
        ]
      },
      "properties": {
        "region_id": 585043,
        "centroid_lon": -7.777290304148952,
        "centroid_lat": 45.39574763932974,
        "area_px": 20,
        "area_km2": 0.0056,
        "elongation_ratio": 5.498,
        "circularity": 0.758,
        "mean_probability": 0.7005,
        "max_probability": 0.8119,
        "pixel_bbox": {
          "min_row": 9686,
          "min_col": 11584,
          "max_row": 9690,
          "max_col": 11596
        }
      }
    },
    {
      "type": "Feature",
      "geometry": {
        "type": "Polygon",
        "coordinates": [
          [
            [
              -7.75014321626286,
              45.392235226568836
            ],
            [
              -7.749604227092389,
              45.39277421573931
            ],
            [
              -7.749065237921917,
              45.39241488962566
            ],
            [
              -7.75014321626286,
              45.392235226568836
            ]
          ]
        ]
      },
      "properties": {
        "region_id": 585374,
        "centroid_lon": -7.749523378716818,
        "centroid_lat": 45.392369973861456,
        "area_px": 20,
        "area_km2": 0.0056,
        "elongation_ratio": 1.57,
        "circularity": 0.999,
        "mean_probability": 0.7013,
        "max_probability": 0.9013,
        "pixel_bbox": {
          "min_row": 9704,
          "min_col": 11741,
          "max_row": 9709,
          "max_col": 11748
        }
      }
    },
    {
      "type": "Feature",
      "geometry": {
        "type": "Point",
        "coordinates": [
          -9.47797181689119,
          46.91443945866221
        ]
      },
      "properties": {
        "region_id": 16942,
        "centroid_lon": -9.47797181689119,
        "centroid_lat": 46.91443945866221,
        "area_px": 20,
        "area_km2": 0.0055,
        "elongation_ratio": 7.638,
        "circularity": 0.579,
        "mean_probability": 0.6117,
        "max_probability": 0.7614,
        "pixel_bbox": {
          "min_row": 1229,
          "min_col": 2122,
          "max_row": 1242,
          "max_col": 2126
        }
      }
    },
    {
      "type": "Feature",
      "geometry": {
        "type": "Polygon",
        "coordinates": [
          [
            [
              -9.480478116533883,
              46.9026625452874
            ],
            [
              -9.48083744264753,
              46.90176423000328
            ],
            [
              -9.480747611119119,
              46.90311170292946
            ],
            [
              -9.480478116533883,
              46.9026625452874
            ]
          ]
        ]
      },
      "properties": {
        "region_id": 20047,
        "centroid_lon": -9.480810493189006,
        "centroid_lat": 46.90210558981125,
        "area_px": 20,
        "area_km2": 0.0055,
        "elongation_ratio": 7.983,
        "circularity": 0.626,
        "mean_probability": 0.6309,
        "max_probability": 0.7497,
        "pixel_bbox": {
          "min_row": 1298,
          "min_col": 2106,
          "max_row": 1312,
          "max_col": 2111
        }
      }
    }
  ],
  "metadata": {
    "catalog_id": "S1A_IW_GRDH_1SDV_20190322T064103_20190322T064128_026447_02F60B_6052_COG.SAFE",
    "acquisition_start": "2019-03-22T06:41:03.143436",
    "acquisition_stop": "2019-03-22T06:41:28.141298",
    "acquisition_time_source": "manifest.safe",
    "orbit_state": "descending",
    "product_type": null,
    "safe_folder": "C:\\Users\\abhin\\Desktop\\OilSpillPipeline\\Model\\outgrande\\download\\S1A_IW_GRDH_1SDV_20190322T064103_20190322T064128_026447_02F60B_6052_COG.SAFE\\S1A_IW_GRDH_1SDV_20190322T064103_20190322T064128_026447_02F60B_6052_COG.SAFE",
    "fetched_at": "2026-09-09T20:36:50.480475+00:00"
  }
}